USE my_store;

Insert into Accounts (id, username, email) values (1, 'klesisz', 'wojaczektadeusz@hotmail.com'),
(2, 'olgierdpawlukiewicz', 'biesekfabian@o2.pl'),
(3, 'jedrzej21', 'eryk86@onet.pl'),
(4, 'pietrewiczkazimierz', 'wiekieraurszula@interia.pl'),
(5, 'miloszsumera', 'janicryszard@interia.pl'),
(6, 'jedrzej16', 'mateuszwisla@interia.pl'),
(7, 'nstojak', 'sstachow@interia.pl'),
(8, 'siudekewa', 'qtokarek@o2.pl'),
(9, 'lpiekart', 'tymonmitera@yahoo.com'),
(10, 'adamprzystupa', 'nataszaulanowicz@yahoo.com'),
(11, 'nikolajukadrian', 'aniela75@interia.pl'),
(12, 'apolonia92', 'nieradzikfilip@o2.pl'),
(13, 'rafaljambor', 'qjanuszewicz@o2.pl'),
(14, 'eslawik', 'pawelograbek@interia.pl'),
(15, 'tymoteuszfulara', 'kuskasandra@hotmail.com'),
(16, 'stanislaw56', 'tdrej@onet.pl'),
(17, 'strozmikolaj', 'tatareklukasz@yahoo.com'),
(18, 'tosik', 'kidonbartek@yahoo.com'),
(19, 'filip01', 'angelika45@interia.pl'),
(20, 'kajetanjuroszek', 'leonmichalkiewicz@onet.pl'),
(21, 'dosko', 'bruno83@yahoo.com'),
(22, 'wojniakradoslaw', 'koskasandra@o2.pl'),
(23, 'bejnarowiczpatryk', 'swiatkiewiczksawery@o2.pl'),
(24, 'arkadiusz55', 'qbrachman@hotmail.com'),
(25, 'liwia91', 'hadasgrzegorz@yahoo.com'),
(26, 'maurycygomula', 'wywialolga@yahoo.com'),
(27, 'stanislaw80', 'angelikaslabosz@yahoo.com'),
(28, 'kamila14', 'wdowczykangelika@o2.pl'),
(29, 'presangelika', 'krudolf@yahoo.com'),
(30, 'ywyroslak', 'fryderyk54@yahoo.com'),
(31, 'zzagrodnik', 'mieszkowalek@interia.pl'),
(32, 'julitastuglik', 'zagozdzonrozalia@interia.pl'),
(33, 'przemyslaw75', 'vwaloch@onet.pl'),
(34, 'pawel12', 'inga35@gmail.com'),
(35, 'beredakamila', 'antoniberus@yahoo.com'),
(36, 'ykosciuszko', 'cyprian32@gmail.com'),
(37, 'kazimierzkrakowczyk', 'langmonika@gmail.com'),
(38, 'mateusz58', 'grabczakalex@onet.pl'),
(39, 'janinanedzi', 'maurycy30@yahoo.com'),
(40, 'csidorczuk', 'rozaburkiewicz@interia.pl'),
(41, 'mietkaoskar', 'kajetandeptuch@hotmail.com'),
(42, 'cbrachman', 'sandrafelus@onet.pl'),
(43, 'marek46', 'jezioringa@hotmail.com'),
(44, 'wmaksym', 'sylwia50@o2.pl'),
(45, 'juroszekmelania', 'ryszardwosiak@o2.pl'),
(46, 'kacpersupel', 'lepamichal@gmail.com'),
(47, 'lkusztal', 'witoldbielen@interia.pl'),
(48, 'jan02', 'zbasista@interia.pl'),
(49, 'anielalacina', 'nelahorbacz@gmail.com'),
(50, 'kaja72', 'aniela20@yahoo.com'),
(51, 'fraskajetan', 'olistwan@interia.pl'),
(52, 'rompagabriel', 'klara44@interia.pl'),
(53, 'agoliasz', 'jeremiszyca@interia.pl'),
(54, 'kornelia06', 'karinaherbut@gmail.com'),
(55, 'andrzej34', 'oteodorowicz@onet.pl'),
(56, 'kurdaadrianna', 'ewa87@gmail.com'),
(57, 'zrut', 'hkoss@interia.pl'),
(58, 'nataniel47', 'ewa00@yahoo.com'),
(59, 'maurycy34', 'karolsaczuk@o2.pl'),
(60, 'aobiala', 'kregielagnieszka@gmail.com'),
(61, 'strzepekborys', 'nikodem95@interia.pl'),
(62, 'blanka04', 'cierpkadawid@gmail.com'),
(63, 'lepiankaida', 'andrzejmadura@interia.pl'),
(64, 'piotr09', 'buglalidia@yahoo.com'),
(65, 'rurarzmikolaj', 'kapciamaks@o2.pl'),
(66, 'knysakolga', 'korneliastrojna@yahoo.com'),
(67, 'machowiczmikolaj', 'szczechowiczada@hotmail.com'),
(68, 'hanasolga', 'qkutera@hotmail.com'),
(69, 'andrysolgierd', 'erykgas@onet.pl'),
(70, 'alyjak', 'karszniapawel@onet.pl'),
(71, 'ewadziala', 'anna-maria10@yahoo.com'),
(72, 'kornelia86', 'lukaszflisek@interia.pl'),
(73, 'bkumorek', 'michalkolsut@hotmail.com'),
(74, 'mariuszsmorag', 'natandziwak@yahoo.com'),
(75, 'adriankozuszek', 'agnieszkahyzy@gmail.com'),
(76, 'rebiskonrad', 'adaciak@hotmail.com'),
(77, 'sandra99', 'igor83@o2.pl'),
(78, 'adriannafelisiak', 'pakosmelania@onet.pl'),
(79, 'kalkatymon', 'machetaoskar@interia.pl'),
(80, 'krzysztofogonek', 'krystian85@o2.pl'),
(81, 'wiejakrzysztof', 'yszmurlo@interia.pl'),
(82, 'grzegorz94', 'marek45@o2.pl'),
(83, 'szymon33', 'krzysztofkusek@hotmail.com'),
(84, 'witold06', 'bugnokarina@o2.pl'),
(85, 'hslon', 'marekteper@gmail.com'),
(86, 'oliwier24', 'zamoramarcin@interia.pl'),
(87, 'cyprianpindral', 'nikodemdziurdzia@onet.pl'),
(88, 'jedryspawel', 'ulrychmalwina@onet.pl'),
(89, 'benderalex', 'palacandrzej@hotmail.com'),
(90, 'elzbietamatejczuk', 'gsarota@hotmail.com'),
(91, 'ldziala', 'astanaszek@hotmail.com'),
(92, 'bgospodarek', 'kazimierz52@gmail.com'),
(93, 'cofalaborys', 'konrad09@hotmail.com'),
(94, 'kajetan65', 'foltacezary@hotmail.com'),
(95, 'lidia97', 'mateusz31@yahoo.com'),
(96, 'migalaaleks', 'klebanelzbieta@interia.pl'),
(97, 'xkorzekwa', 'kuskaandrzej@interia.pl'),
(98, 'chmaratymoteusz', 'rozalia43@gmail.com'),
(99, 'nelasip', 'tadeusz26@onet.pl'),
(100, 'zysmarika', 'slizdawid@gmail.com'),
(101, 'wiszignacy', 'natankedziorek@o2.pl'),
(102, 'bwiech', 'adrian60@o2.pl'),
(103, 'basajblazej', 'nwladyka@interia.pl'),
(104, 'albertengler', 'elzbieta29@interia.pl'),
(105, 'janina38', 'witoldrogula@hotmail.com'),
(106, 'bondyraewa', 'mminta@gmail.com'),
(107, 'cyprian08', 'tola46@onet.pl'),
(108, 'ddanieluk', 'dochal@interia.pl'),
(109, 'drostymoteusz', 'michalmaslach@gmail.com'),
(110, 'jdobron', 'ryszard69@hotmail.com'),
(111, 'paniczjuliusz', 'krystynaplewnia@hotmail.com'),
(112, 'margasstefan', 'franciszek62@yahoo.com'),
(113, 'biczsara', 'wklysz@yahoo.com'),
(114, 'kdomzal', 'obarzanekmonika@hotmail.com'),
(115, 'roksana18', 'majczynaanita@o2.pl'),
(116, 'xfidler', 'mateusz57@gmail.com'),
(117, 'brunokusztal', 'aleksanderszemraj@o2.pl'),
(118, 'xfogel', 'vsmutek@yahoo.com'),
(119, 'sudnikbianka', 'rygulacezary@o2.pl'),
(120, 'ustrzelczak', 'oskar51@hotmail.com'),
(121, 'twardzikdamian', 'tomasz87@onet.pl'),
(122, 'jankemichal', 'ulanowiczigor@onet.pl'),
(123, 'ida08', 'emilpitula@interia.pl'),
(124, 'tymoteusz23', 'cezarymacheta@hotmail.com'),
(125, 'arkadiusz11', 'sylwiamuniak@gmail.com'),
(126, 'mstrawa', 'anitagas@o2.pl'),
(127, 'msiekierka', 'sgosek@gmail.com'),
(128, 'marcin70', 'marcelinamlynarz@yahoo.com'),
(129, 'paweltrzos', 'gtonder@hotmail.com'),
(130, 'kajabartoszczyk', 'spychajewa@hotmail.com'),
(131, 'rzagula', 'emilwochna@onet.pl'),
(132, 'btorbus', 'soniafras@yahoo.com'),
(133, 'wiktor34', 'hubert42@o2.pl'),
(134, 'mateuszdzienis', 'urszulacich@o2.pl'),
(135, 'fiutakkarol', 'szlapkamieszko@gmail.com'),
(136, 'panuslukasz', 'zadoramarcel@yahoo.com'),
(137, 'kosalkamarcel', 'ernestrychcik@o2.pl'),
(138, 'jan71', 'zszarejko@hotmail.com'),
(139, 'jakubsztuba', 'jlas@yahoo.com'),
(140, 'cypriandlugajczyk', 'meissnerbianka@onet.pl'),
(141, 'radoslawsypula', 'ernestskupin@hotmail.com'),
(142, 'wiertelkonstanty', 'nikodemkowaluk@o2.pl'),
(143, 'ryszard67', 'przekwasnatasza@o2.pl'),
(144, 'kornel53', 'awiewiorka@hotmail.com'),
(145, 'maciejlenik', 'radkenatan@o2.pl'),
(146, 'fularanela', 'kamilanieroda@onet.pl'),
(147, 'jurasfryderyk', 'lazarekkarina@o2.pl'),
(148, 'aniela60', 'witoldgolczyk@yahoo.com'),
(149, 'ksawery61', 'osemenowicz@onet.pl'),
(150, 'dzielakkrzysztof', 'konstanty40@interia.pl'),
(151, 'vwowra', 'znojeknikodem@hotmail.com'),
(152, 'cyprian82', 'tylekkamila@yahoo.com'),
(153, 'tolanarozna', 'gabriel40@onet.pl'),
(154, 'kornelkwak', 'wojciechrodzen@yahoo.com'),
(155, 'janinamartynowicz', 'natanguziak@o2.pl'),
(156, 'kazimierz52', 'konrad68@interia.pl'),
(157, 'nazarkonataniel', 'qmartynowicz@onet.pl'),
(158, 'getkaeryk', 'emilpindral@interia.pl'),
(159, 'marcelinamlot', 'tadeuszheller@hotmail.com'),
(160, 'palakinga', 'idaokraska@interia.pl'),
(161, 'warwaskonrad', 'hubert40@onet.pl'),
(162, 'pasciakjanina', 'qwandas@gmail.com'),
(163, 'przybyciengabriel', 'rozawasilewicz@yahoo.com'),
(164, 'kornel28', 'elzbieta76@gmail.com'),
(165, 'kurczjozef', 'tbidas@yahoo.com'),
(166, 'sonialyczek', 'gduszkiewicz@yahoo.com'),
(167, 'mariusz45', 'kornel78@onet.pl'),
(168, 'ksiezyksandra', 'xbylina@hotmail.com'),
(169, 'gszalas', 'zdawidczyk@gmail.com'),
(170, 'wasiewiczmateusz', 'kamil46@interia.pl'),
(171, 'rjeka', 'alan93@hotmail.com'),
(172, 'ajasina', 'burzeckornelia@onet.pl'),
(173, 'natanielgral', 'jonczyklidia@o2.pl'),
(174, 'dariusz64', 'kupajigor@interia.pl'),
(175, 'igorbiesek', 'pglapiak@gmail.com'),
(176, 'westfalmarcelina', 'maciejsibiga@hotmail.com'),
(177, 'kolarczykblanka', 'norbert26@interia.pl'),
(178, 'ewaprygiel', 'igor12@yahoo.com'),
(179, 'sobilosebastian', 'melania40@onet.pl'),
(180, 'monikaborejko', 'franciszek74@o2.pl'),
(181, 'fidosoliwier', 'krystiankapalka@hotmail.com'),
(182, 'slodej', 'karinafijol@gmail.com'),
(183, 'lyprobert', 'maklestola@hotmail.com'),
(184, 'kutekolaf', 'matyjaszekgaja@onet.pl'),
(185, 'liwia46', 'sebastian95@o2.pl'),
(186, 'sebastianindyk', 'xorawiec@interia.pl'),
(187, 'wdulemba', 'mzymelka@o2.pl'),
(188, 'ciechowiczkaja', 'maruszczakwojciech@interia.pl'),
(189, 'ernestfogel', 'obialahubert@hotmail.com'),
(190, 'grzegorzgogol', 'sonia45@o2.pl'),
(191, 'przeklasaigor', 'roza95@gmail.com'),
(192, 'akonat', 'cezary27@onet.pl'),
(193, 'piotrjaremko', 'mariuszhutnik@hotmail.com'),
(194, 'soniazuziak', 'kornelia44@o2.pl'),
(195, 'iduszkiewicz', 'biczjustyna@interia.pl'),
(196, 'maks03', 'julita75@gmail.com'),
(197, 'ewelina23', 'mwalusiak@hotmail.com'),
(198, 'filip89', 'konstanty25@o2.pl'),
(199, 'szymon13', 'marcinpawlonka@o2.pl'),
(200, 'krzysztofrychcik', 'peksanorbert@onet.pl'),
(201, 'kubasiakida', 'rfilek@gmail.com'),
(202, 'gabriel19', 'maurycy48@onet.pl'),
(203, 'wojewodzickornelia', 'brunowasala@gmail.com'),
(204, 'aworach', 'prazmotadeusz@o2.pl'),
(205, 'szajnergustaw', 'marek12@gmail.com'),
(206, 'krystynagebauer', 'epiwek@onet.pl'),
(207, 'janinaskocz', 'kacper29@onet.pl'),
(208, 'plaszczyk', 'anna-mariatoborek@o2.pl'),
(209, 'jpasciak', 'witoldpeszko@o2.pl'),
(210, 'qpotaczek', 'kidawaelzbieta@hotmail.com'),
(211, 'nwilusz', 'tondermarcel@hotmail.com'),
(212, 'artur58', 'dornadorota@hotmail.com'),
(213, 'hermanowicziwo', 'merchelkalina@onet.pl'),
(214, 'dzikaksawery', 'pedryczpatryk@o2.pl'),
(215, 'matejczukadam', 'rejekeryk@gmail.com'),
(216, 'janina03', 'mdyda@hotmail.com'),
(217, 'nela44', 'dziechciarzeryk@interia.pl'),
(218, 'grzelajulianna', 'kwoszczyna@o2.pl'),
(219, 'martynaleksander', 'natandzidek@interia.pl'),
(220, 'piotr67', 'natan13@yahoo.com'),
(221, 'wmatejczuk', 'marika33@onet.pl'),
(222, 'vjedrys', 'nataniel51@hotmail.com'),
(223, 'mnagorka', 'jerzy43@yahoo.com'),
(224, 'hubert04', 'anastazjamiekina@interia.pl'),
(225, 'freitagkrzysztof', 'kajasykut@gmail.com'),
(226, 'elzbieta29', 'xirzyk@yahoo.com'),
(227, 'maksymoskar', 'patryk86@yahoo.com'),
(228, 'ddorynek', 'borys71@onet.pl'),
(229, 'okasznia', 'leonard10@o2.pl'),
(230, 'flemanowicz', 'surasylwia@o2.pl'),
(231, 'radoslawbochnak', 'siarkiewicztomasz@hotmail.com'),
(232, 'eteter', 'suszkomilosz@interia.pl'),
(233, 'hojkabruno', 'natasza85@o2.pl'),
(234, 'nytkoaleksander', 'qdrobot@interia.pl'),
(235, 'zimolagpawel', 'lidia94@gmail.com'),
(236, 'jedrzej93', 'pflorian@o2.pl'),
(237, 'ernest32', 'drygalasylwia@onet.pl'),
(238, 'tymon60', 'smektalajuliusz@interia.pl'),
(239, 'ingasobkiewicz', 'artur88@interia.pl'),
(240, 'karinajanuszewicz', 'klyszmaksymilian@onet.pl'),
(241, 'ddyczko', 'gustawindyka@o2.pl'),
(242, 'pmaszkiewicz', 'dbajko@hotmail.com'),
(243, 'alanpiegza', 'juliuszryfa@o2.pl'),
(244, 'dawidczykkacper', 'rozaliakurc@hotmail.com'),
(245, 'bastergrzegorz', 'brunokolber@o2.pl'),
(246, 'broskonstanty', 'bakunwitold@yahoo.com'),
(247, 'elzbietawitko', 'szymon30@yahoo.com'),
(248, 'lstanislawek', 'woskonorbert@interia.pl'),
(249, 'wierzchoniwo', 'kalina69@hotmail.com'),
(250, 'ibejma', 'aolesiejuk@onet.pl'),
(251, 'gebauerstefan', 'jakubnieradzik@yahoo.com'),
(252, 'miodekjulianna', 'elizakluj@interia.pl'),
(253, 'gpietrewicz', 'marianna83@gmail.com'),
(254, 'jan84', 'sonia00@interia.pl'),
(255, 'doktorstefan', 'rbaster@yahoo.com'),
(256, 'zpawelkiewicz', 'malwinabzdega@interia.pl'),
(257, 'marek28', 'czakaleks@interia.pl'),
(258, 'fmarosz', 'nikodemsolis@o2.pl'),
(259, 'hubertkojder', 'trepczyknatan@o2.pl'),
(260, 'jgodyn', 'oprzystupa@gmail.com'),
(261, 'lidia22', 'samiecsandra@hotmail.com'),
(262, 'kszarzec', 'upleskot@o2.pl'),
(263, 'miloszkostek', 'wladykalukasz@o2.pl'),
(264, 'hmichnowicz', 'kargolmateusz@hotmail.com'),
(265, 'ubukowiec', 'piotrjanke@hotmail.com'),
(266, 'kajetanpotok', 'rdziczek@o2.pl'),
(267, 'jacekzugaj', 'isapala@gmail.com'),
(268, 'filasanna-maria', 'jankajak@yahoo.com'),
(269, 'fechnerblanka', 'bianka90@o2.pl'),
(270, 'pgierach', 'spyda@onet.pl'),
(271, 'kasperczakfryderyk', 'jacek34@o2.pl'),
(272, 'sliztadeusz', 'mirla@onet.pl'),
(273, 'dysgaja', 'konstanty75@hotmail.com'),
(274, 'gabriel43', 'oliwier39@interia.pl'),
(275, 'marciniszynoskar', 'fraczksawery@o2.pl'),
(276, 'aureliawlazly', 'lidiadanel@gmail.com'),
(277, 'ioleksik', 'natan96@o2.pl'),
(278, 'rtaciak', 'juliusz83@interia.pl'),
(279, 'monika42', 'romaniakmaurycy@yahoo.com'),
(280, 'radoslawkmak', 'oliwierklosek@onet.pl'),
(281, 'xluberda', 'borys10@yahoo.com'),
(282, 'umadajczyk', 'fabianwawak@interia.pl'),
(283, 'ujuroszek', 'jgamon@o2.pl'),
(284, 'serzyskomieszko', 'julita90@hotmail.com'),
(285, 'lulekgaja', 'julitahawrylak@o2.pl'),
(286, 'franciszeksenger', 'tymoteusz78@onet.pl'),
(287, 'sebastian04', 'pmijas@hotmail.com'),
(288, 'soniajanka', 'korneliapich@hotmail.com'),
(289, 'sonia27', 'cpedzik@yahoo.com'),
(290, 'frasgustaw', 'hholc@interia.pl'),
(291, 'robertdabrowicz', 'fydapatryk@yahoo.com'),
(292, 'rajchlukasz', 'iraszkiewicz@gmail.com'),
(293, 'krywultmelania', 'kamil84@onet.pl'),
(294, 'karinaskupin', 'kaja20@yahoo.com'),
(295, 'naroznawiktor', 'julitakandora@interia.pl'),
(296, 'gumieniakmaurycy', 'langiewiczdorota@yahoo.com'),
(297, 'strzyzbianka', 'ulesny@gmail.com'),
(298, 'juliannaczura', 'jeremi77@hotmail.com'),
(299, 'tytkocezary', 'parzonkarafal@gmail.com');

Insert into Account_Details (id, address, city, zip_code, phone) values (1, 'plac Korfantego 69', 'Gliwice', '70-245', 510893641),
(2, 'plac Krótka 86', 'Bolesławiec', '87-147', 329654464),
(3, 'aleja Kołłątaja 208', 'Mińsk Mazowiecki', '06-113', 696083149),
(4, 'ul. Południowa 96/20', 'Dzierżoniów', '26-753', 798765846),
(5, 'ul. Miła 60/05', 'Ostróda', '16-209', 536452690),
(6, 'pl. Floriana 142', 'Police', '90-932', 797530536),
(7, 'ul. Rózana 24/09', 'Jasło', '87-304', 510417713),
(8, 'plac Srebrna 81', 'Gdańsk', '14-912', 576321913),
(9, 'ul. Bolesława Chrobrego 776', 'Chojnice', '29-463', 881044517),
(10, 'ul. Tylna 88', 'Radom', '96-667', 513122881),
(11, 'al. Lelewela 240', 'Gdańsk', '72-140', 729574366),
(12, 'al. Miodowa 07/26', 'Siedlce', '25-860', 720972865),
(13, 'ul. Mazowiecka 48', 'Knurów', '84-664', 882186144),
(14, 'pl. Makuszyńskiego 878', 'Tarnów', '86-936', 223842568),
(15, 'plac Żwirowa 46', 'Oława', '25-202', 225267676),
(16, 'ul. Robotnicza 78', 'Włocławek', '70-154', 787285345),
(17, 'ulica Radosna 112', 'Piotrków Trybunalski', '98-422', 782183172),
(18, 'al. Fabryczna 329', 'Gorzów Wielkopolski', '48-181', 792572863),
(19, 'ul. Sarnia 66/38', 'Zambrów', '29-731', 226137215),
(20, 'al. Listopada 517', 'Krosno', '30-490', 574887526),
(21, 'ul. Czereśniowa 14/62', 'Białogard', '59-203', 513450953),
(22, 'aleja Skośna 59/35', 'Sochaczew', '76-609', 664935886),
(23, 'ulica Wodna 18', 'Częstochowa', '59-781', 535454299),
(24, 'plac Turkusowa 98/48', 'Świnoujście', '33-341', 781681305),
(25, 'ul. Średnia 855', 'Gniezno', '95-562', 225348539),
(26, 'pl. Władysława Jagiełły 892', 'Czechowice-Dziedzice', '64-167', 223559148),
(27, 'ul. Rybacka 55', 'Nowy Targ', '17-549', 785386548),
(28, 'pl. Długosza 26', 'Starachowice', '52-105', 505956955),
(29, 'al. Letniskowa 41/51', 'Biłgoraj', '50-483', 662449779),
(30, 'aleja Krakowska 708', 'Dzierżoniów', '92-761', 727176851),
(31, 'plac Koralowa 29', 'Giżycko', '99-365', 224314020),
(32, 'pl. Bursztynowa 14/77', 'Świdnik', '82-615', 222058973),
(33, 'plac Powstańców Wielkopolskich 74/91', 'Rybnik', '47-969', 518681060),
(34, 'pl. Młyńska 95', 'Tarnów', '52-982', 785220701),
(35, 'ul. Poniatowskiego 039', 'Świętochłowice', '07-345', 781902401),
(36, 'aleja Cisowa 716', 'Lubin', '48-017', 732895042),
(37, 'ul. Gałczynskiego 289', 'Białystok', '41-120', 604507585),
(38, 'plac Lelewela 28', 'Gorlice', '17-232', 690991136),
(39, 'ulica Częstochowska 37/10', 'Wejherowo', '75-288', 882262733),
(40, 'pl. Szeroka 97', 'Zgorzelec', '34-628', 601632128),
(41, 'al. Słowackiego 20/62', 'Ostrów Wielkopolski', '23-080', 604668638),
(42, 'pl. Bema 93', 'Sieradz', '46-631', 572237189),
(43, 'aleja Narutowicza 79', 'Białogard', '36-296', 326854998),
(44, 'al. Żwirki i Wigury 38/79', 'Sanok', '97-401', 538793620),
(45, 'pl. Rzeczna 73/65', 'Bielsk Podlaski', '79-534', 798524953),
(46, 'ulica Północna 99', 'Gdańsk', '41-549', 518704503),
(47, 'pl. Pułaskiego 79/22', 'Gorlice', '13-877', 739413075),
(48, 'aleja Wspólna 31/77', 'Ełk', '86-351', 515644416),
(49, 'al. Radosna 25', 'Dąbrowa Górnicza', '45-767', 515790921),
(50, 'al. Bukowa 24', 'Pruszków', '49-707', 669787696),
(51, 'aleja Floriana 00', 'Tarnobrzeg', '77-134', 323564829),
(52, 'al. Konwaliowa 84/83', 'Lębork', '20-168', 537441809),
(53, 'pl. Górnicza 33', 'Zakopane', '10-283', 512087459),
(54, 'ul. Asnyka 65', 'Piastów', '27-860', 226911899),
(55, 'pl. Kasprowicza 85/60', 'Brodnica', '09-639', 731312542),
(56, 'pl. Robotnicza 77', 'Piła', '47-334', 329939721),
(57, 'plac Bydgoska 338', 'Pruszcz Gdański', '91-235', 513455609),
(58, 'al. Wiklinowa 87/36', 'Tychy', '24-135', 695933784),
(59, 'ul. Lotnicza 617', 'Rzeszów', '52-454', 732162641),
(60, 'plac Jadwigi 06', 'Legionowo', '46-983', 786053903),
(61, 'ul. Osiedlowa 41/57', 'Żary', '62-553', 732724549),
(62, 'pl. Krucza 52/53', 'Chorzów', '72-978', 535017554),
(63, 'al. Sowia 71/37', 'Września', '74-407', 794592098),
(64, 'pl. Krasickiego 77/59', 'Warszawa', '02-914', 662179786),
(65, 'ulica Rejtana 94', 'Kalisz', '61-225', 720639986),
(66, 'pl. Spokojna 082', 'Swarzędz', '04-651', 783461197),
(67, 'ulica Jana Sobieskiego 84', 'Wyszków', '54-335', 570849006),
(68, 'pl. Okulickiego 74/58', 'Kołobrzeg', '87-164', 731449139),
(69, 'pl. Malczewskiego 97', 'Bartoszyce', '78-077', 728564298),
(70, 'ul. Strumykowa 48/79', 'Gliwice', '96-562', 720215122),
(71, 'ulica Kwiatowa 00', 'Piła', '65-719', 606272467),
(72, 'plac Listopada 518', 'Kwidzyn', '77-528', 694835712),
(73, 'ulica Podwale 16/76', 'Tarnów', '10-267', 509692772),
(74, 'ulica Wiklinowa 063', 'Skarżysko-Kamienna', '52-257', 518067987),
(75, 'pl. Świerczewskiego 390', 'Rzeszów', '54-759', 667976547),
(76, 'pl. Kowalska 70/91', 'Nowy Sącz', '23-560', 726551868),
(77, 'ulica Krasickiego 85', 'Jarosław', '11-286', 739257637),
(78, 'pl. Morska 42/86', 'Chrzanów', '01-111', 502801234),
(79, 'aleja Mazowiecka 94/48', 'Augustów', '55-165', 696821838),
(80, 'al. Nałkowskiej 883', 'Racibórz', '86-178', 780354588),
(81, 'aleja Irysowa 92/81', 'Wieluń', '26-493', 515061410),
(82, 'pl. Wyspiańskiego 723', 'Leszno', '42-849', 324306711),
(83, 'ul. Pogodna 684', 'Będzin', '94-477', 530937426),
(84, 'aleja Majowa 34/28', 'Kraśnik', '03-654', 605746609),
(85, 'plac Piwna 17', 'Suwałki', '82-828', 697537334),
(86, 'ulica Zdrojowa 11/71', 'Kalisz', '93-711', 502073028),
(87, 'ul. Listopada 34', 'Knurów', '33-990', 692631499),
(88, 'aleja Górnicza 016', 'Knurów', '93-122', 536050771),
(89, 'plac Kolejowa 92', 'Bielsk Podlaski', '63-311', 660217038),
(90, 'pl. Długa 653', 'Chorzów', '74-288', 698670057),
(91, 'aleja Mokra 73/60', 'Sanok', '59-100', 736331567),
(92, 'al. Bankowa 47', 'Legnica', '42-745', 732179033),
(93, 'plac Kolejowa 08', 'Skawina', '20-270', 793450765),
(94, 'pl. Floriana 414', 'Giżycko', '51-375', 796636881),
(95, 'ulica Rózana 04/41', 'Mikołów', '95-799', 666925088),
(96, 'ul. Narutowicza 68/74', 'Oława', '74-047', 791252901),
(97, 'ulica Nadrzeczna 86/36', 'Bielsk Podlaski', '03-993', 885907634),
(98, 'ulica Floriana 209', 'Nowa Ruda', '65-276', 508942943),
(99, 'aleja Stycznia 97/06', 'Będzin', '98-702', 608738145),
(100, 'pl. Daszyńskiego 96/97', 'Ełk', '66-420', 513393836),
(101, 'ulica Solidarnosci 52', 'Kraśnik', '69-635', 576342493),
(102, 'al. Matejki 85/27', 'Bielsk Podlaski', '76-971', 789815090),
(103, 'ul. Bursztynowa 83', 'Chojnice', '37-220', 881086574),
(104, 'plac Wyzwolenia 65', 'Gdańsk', '04-104', 738480787),
(105, 'al. Mokra 371', 'Łaziska Górne', '40-358', 883811699),
(106, 'ulica Stefana Batorego 59', 'Kraśnik', '91-698', 502137818),
(107, 'ulica Hallera 61/10', 'Sopot', '98-064', 607940610),
(108, 'pl. Prusa 863', 'Września', '33-614', 516825069),
(109, 'plac Sawickiej 63', 'Lębork', '63-109', 575574160),
(110, 'ulica Młyńska 25/08', 'Krotoszyn', '51-367', 789884978),
(111, 'al. Miła 38/81', 'Łaziska Górne', '51-669', 797012335),
(112, 'aleja Młynarska 040', 'Pabianice', '50-993', 504020045),
(113, 'aleja Tartaczna 16/27', 'Ciechanów', '71-466', 738535271),
(114, 'ul. Wypoczynkowa 47', 'Września', '49-233', 782259341),
(115, 'ul. Reymonta 61', 'Kędzierzyn-Koźle', '05-812', 698323864),
(116, 'ul. Klasztorna 75/41', 'Zamość', '17-010', 226729592),
(117, 'al. Kilińskiego 32/18', 'Starachowice', '15-125', 228452082),
(118, 'plac Leśna 055', 'Siedlce', '72-095', 323506177),
(119, 'aleja Szmaragdowa 494', 'Skarżysko-Kamienna', '15-573', 601828655),
(120, 'ulica Sienkiewicza 37', 'Przemyśl', '38-573', 531181956),
(121, 'ulica Krakowska 94', 'Puławy', '71-579', 789564414),
(122, 'plac Staszica 439', 'Szczytno', '04-332', 534642209),
(123, 'ulica Wyszyńskiego 049', 'Nowy Dwór Mazowiecki', '90-563', 500302120),
(124, 'aleja Krokusowa 168', 'Sopot', '48-725', 726884792),
(125, 'al. Hutnicza 48/85', 'Kraśnik', '06-492', 721063939),
(126, 'al. Chełmońskiego 47/11', 'Puławy', '57-651', 228258743),
(127, 'al. Powstańców Śląskich 730', 'Warszawa', '86-211', 329646875),
(128, 'al. Jaskółcza 07/64', 'Brodnica', '43-154', 799194125),
(129, 'plac Paderewskiego 46', 'Kwidzyn', '12-526', 662092372),
(130, 'plac Spółdzielcza 298', 'Nowy Sącz', '44-191', 882536068),
(131, 'ulica Rejtana 93', 'Rzeszów', '49-692', 501230745),
(132, 'al. Kasprowicza 838', 'Mikołów', '09-411', 320455034),
(133, 'aleja Podgórna 766', 'Malbork', '05-668', 795532519),
(134, 'ul. Powstańców Śląskich 27/35', 'Zduńska Wola', '55-645', 791374933),
(135, 'aleja Mieszka I 60/96', 'Ząbki', '26-681', 883434554),
(136, 'pl. Niepodległości 754', 'Stalowa Wola', '99-868', 535297284),
(137, 'ul. Toruńska 78', 'Świdnik', '90-991', 665261955),
(138, 'ulica Morska 34/41', 'Zabrze', '55-490', 609452542),
(139, 'plac Grunwaldzka 78', 'Zielona Góra', '66-795', 786927310),
(140, 'aleja Wyspiańskiego 895', 'Lubartów', '34-606', 571607867),
(141, 'ul. Tysiąclecia 548', 'Mysłowice', '09-813', 784710210),
(142, 'al. Jesienna 90', 'Świdnica', '02-289', 519526946),
(143, 'plac Krokusowa 43', 'Września', '41-372', 329463308),
(144, 'plac Wojciecha 125', 'Zduńska Wola', '59-674', 882420265),
(145, 'plac Rolnicza 861', 'Goleniów', '89-810', 734305619),
(146, 'al. Miłosza 55', 'Zamość', '22-709', 501556803),
(147, 'aleja Malczewskiego 26', 'Lublin', '24-381', 606127999),
(148, 'plac Podmiejska 51/42', 'Pszczyna', '85-488', 571869790),
(149, 'ul. Zamkowa 768', 'Śrem', '67-285', 326839515),
(150, 'aleja Kopernika 85/02', 'Sandomierz', '43-509', 603344426),
(151, 'plac Ciasna 225', 'Radom', '22-024', 604604000),
(152, 'ul. Bałtycka 20/75', 'Świdnik', '38-826', 507725247),
(153, 'al. Narutowicza 51', 'Ostrów Mazowiecka', '20-587', 502429370),
(154, 'aleja Powstańców Wielkopolskich 77', 'Gorlice', '71-247', 886797485),
(155, 'pl. Źródlana 41/98', 'Wałcz', '13-778', 322791859),
(156, 'ulica Wiejska 694', 'Krotoszyn', '83-213', 227651867),
(157, 'plac Przechodnia 561', 'Gniezno', '59-779', 797221806),
(158, 'aleja Jałowcowa 19', 'Chorzów', '13-414', 739204147),
(159, 'plac Owocowa 229', 'Nowy Sącz', '97-471', 693665952),
(160, 'ul. Traugutta 38/86', 'Świebodzice', '04-187', 722107327),
(161, 'al. Żeglarska 19', 'Olkusz', '08-499', 730957273),
(162, 'ulica Rycerska 939', 'Bełchatów', '99-742', 739020844),
(163, 'ul. Dworcowa 05/36', 'Kołobrzeg', '51-598', 571256114),
(164, 'ul. Pocztowa 95', 'Sopot', '35-453', 227735177),
(165, 'pl. Zamkowa 62/59', 'Piaseczno', '80-606', 517292938),
(166, 'ul. Topolowa 92', 'Zambrów', '39-769', 737190074),
(167, 'al. Kasprowicza 294', 'Dzierżoniów', '86-237', 573250346),
(168, 'al. Diamentowa 74/18', 'Wrocław', '78-698', 535683268),
(169, 'al. Łanowa 66/97', 'Wieluń', '76-139', 696235688),
(170, 'al. Jeziorna 438', 'Kraśnik', '26-663', 735787565),
(171, 'plac Partyzantów 14/16', 'Jastrzębie-Zdrój', '95-066', 609190721),
(172, 'al. Zacisze 01', 'Starogard Gdański', '67-424', 699943775),
(173, 'al. Żeglarska 938', 'Białogard', '44-567', 793154984),
(174, 'pl. Harcerska 64', 'Chełm', '50-143', 668621820),
(175, 'aleja Morska 96/43', 'Jasło', '88-674', 885479409),
(176, 'plac Browarna 720', 'Łomża', '02-290', 698158453),
(177, 'ul. Handlowa 35', 'Nowy Dwór Mazowiecki', '35-839', 798329471),
(178, 'aleja Sienkiewicza 073', 'Przemyśl', '55-678', 606807718),
(179, 'plac Wyzwolenia 79', 'Żary', '38-602', 508664968),
(180, 'al. Plażowa 79/79', 'Marki', '86-791', 725878491),
(181, 'aleja Piaskowa 05/26', 'Zambrów', '84-026', 782327969),
(182, 'aleja Zapolskiej 385', 'Skierniewice', '77-553', 515789340),
(183, 'aleja Niecała 06', 'Koło', '13-492', 571840169),
(184, 'aleja Kasztanowa 77', 'Marki', '14-753', 727493282),
(185, 'plac Kruczkowskiego 68', 'Gniezno', '15-107', 881783949),
(186, 'al. Lipowa 96', 'Oława', '30-512', 664560675),
(187, 'aleja Kruczkowskiego 05/10', 'Bochnia', '24-350', 228753564),
(188, 'ul. Górna 07', 'Bydgoszcz', '08-365', 669863581),
(189, 'aleja Jagiellońska 53', 'Biała Podlaska', '87-581', 325091588),
(190, 'pl. Mokra 058', 'Świecie', '44-953', 601569979),
(191, 'al. Kraszewskiego 13/27', 'Włocławek', '46-086', 606351041),
(192, 'al. Rózana 705', 'Zambrów', '13-357', 790886904),
(193, 'aleja Borowa 140', 'Oleśnica', '61-737', 791395353),
(194, 'ul. Rzeczna 310', 'Pruszcz Gdański', '56-287', 793409032),
(195, 'ulica Dworska 83', 'Augustów', '18-164', 572991174),
(196, 'ulica Wypoczynkowa 14', 'Gdynia', '51-492', 538943253),
(197, 'al. Grunwaldzka 10/44', 'Chrzanów', '24-086', 600032084),
(198, 'pl. Orzechowa 30', 'Jastrzębie-Zdrój', '09-803', 732123058),
(199, 'ulica Truskawkowa 39/13', 'Ostrołęka', '76-996', 227972430),
(200, 'ulica Pszenna 98/04', 'Konin', '98-251', 224376515),
(201, 'ul. Słoneczna 560', 'Czechowice-Dziedzice', '61-072', 609590590),
(202, 'plac Podmiejska 50', 'Koło', '91-709', 666615319),
(203, 'al. Swierkowa 05', 'Bytom', '11-522', 329497008),
(204, 'al. Szmaragdowa 73/51', 'Kraków', '96-211', 880263244),
(205, 'aleja Nadrzeczna 51', 'Zambrów', '52-829', 507380055),
(206, 'pl. Brzechwy 29/94', 'Ząbki', '20-448', 695011870),
(207, 'ulica Dolna 91/55', 'Czechowice-Dziedzice', '69-901', 513791857),
(208, 'ul. Kraszewskiego 67/77', 'Jawor', '94-961', 886776665),
(209, 'aleja Łąkowa 795', 'Biała Podlaska', '53-291', 791384927),
(210, 'al. Sarnia 081', 'Siedlce', '30-493', 724471122),
(211, 'al. Nałkowskiej 88/32', 'Jastrzębie-Zdrój', '73-171', 536533379),
(212, 'ulica Bankowa 20/57', 'Jarosław', '03-912', 322173137),
(213, 'ulica Wierzbowa 33/85', 'Wołomin', '30-254', 503070668),
(214, 'ulica Górna 12', 'Nowy Sącz', '19-623', 798218263),
(215, 'ulica Osiedlowa 03/78', 'Jawor', '59-275', 782817497),
(216, 'aleja Kasprowicza 05/08', 'Rumia', '21-176', 605489464),
(217, 'ulica Azaliowa 18', 'Chrzanów', '56-091', 792379324),
(218, 'al. Stolarska 75', 'Gliwice', '23-915', 798528233),
(219, 'ulica Mieszka I 650', 'Gorzów Wielkopolski', '07-625', 792406278),
(220, 'ulica Krucza 115', 'Pruszków', '05-552', 883712622),
(221, 'pl. Jasna 70', 'Marki', '14-259', 882611648),
(222, 'al. Miarki 678', 'Lubartów', '72-930', 883484195),
(223, 'ul. Kazimierza Wielkiego 54/55', 'Suwałki', '91-491', 880282057),
(224, 'ul. Myśliwska 46/89', 'Zawiercie', '51-732', 888739832),
(225, 'al. Jeżynowa 967', 'Sanok', '05-884', 325063896),
(226, 'ulica Staffa 708', 'Konin', '42-696', 697875717),
(227, 'pl. Żwirowa 12', 'Świebodzice', '23-361', 512612150),
(228, 'pl. Konarskiego 10/81', 'Wałbrzych', '96-483', 503762822),
(229, 'plac Waryńskiego 52', 'Mińsk Mazowiecki', '90-859', 886671614),
(230, 'aleja Leszczynowa 34', 'Sieradz', '06-003', 737343843),
(231, 'al. Śląska 087', 'Bartoszyce', '73-298', 502006584),
(232, 'aleja Asnyka 334', 'Nysa', '42-612', 221665140),
(233, 'plac Gołębia 40', 'Koło', '82-890', 575788719),
(234, 'aleja Księżycowa 15/35', 'Pabianice', '82-172', 512500822),
(235, 'al. Plater 89', 'Luboń', '32-217', 575757530),
(236, 'plac Słoneczna 92/43', 'Gorlice', '76-422', 575090847),
(237, 'ulica Lawendowa 074', 'Żory', '65-466', 736549838),
(238, 'plac Daleka 283', 'Jasło', '36-394', 699483645),
(239, 'al. Mała 58', 'Żory', '26-067', 572613279),
(240, 'aleja Wilcza 81', 'Kutno', '73-977', 512544470),
(241, 'aleja Mieszka I 439', 'Ostrów Wielkopolski', '75-013', 737197310),
(242, 'pl. Krasickiego 53/21', 'Ełk', '40-020', 690015542),
(243, 'ul. Spacerowa 01/00', 'Turek', '74-444', 889314748),
(244, 'plac Królewska 84/31', 'Piastów', '78-575', 323716096),
(245, 'al. Strzelecka 966', 'Chojnice', '94-606', 226106348),
(246, 'pl. Letniskowa 92/41', 'Zielona Góra', '31-467', 737738439),
(247, 'ulica Kopernika 59/01', 'Ciechanów', '66-016', 696410319),
(248, 'plac Moniuszki 75/11', 'Wodzisław Śląski', '16-423', 736466767),
(249, 'ulica Chabrowa 57', 'Katowice', '98-849', 530540134),
(250, 'aleja Zwycięstwa 283', 'Cieszyn', '38-088', 883349044),
(251, 'aleja Leśna 185', 'Stalowa Wola', '61-708', 518597438),
(252, 'ulica Prosta 91', 'Brodnica', '51-548', 601018235),
(253, 'plac Widok 94/11', 'Bytom', '92-472', 699994619),
(254, 'plac Kościuszki 15', 'Wałbrzych', '86-201', 531397973),
(255, 'plac Hallera 959', 'Starachowice', '16-395', 600598983),
(256, 'al. Tylna 87', 'Mikołów', '78-407', 794689419),
(257, 'al. Bydgoska 19/09', 'Pruszków', '87-631', 505600351),
(258, 'pl. Poniatowskiego 18', 'Suwałki', '61-547', 723176370),
(259, 'aleja Rózana 75', 'Mysłowice', '59-474', 517478526),
(260, 'pl. Zapolskiej 41/69', 'Włocławek', '98-912', 781781809),
(261, 'plac Jaskółcza 32/14', 'Kalisz', '97-507', 224437378),
(262, 'pl. Harcerska 801', 'Malbork', '78-155', 695082285),
(263, 'aleja Piaskowa 17/84', 'Olkusz', '54-102', 792259721),
(264, 'ulica Świerczewskiego 013', 'Kluczbork', '80-457', 667250661),
(265, 'ulica Ptasia 33/28', 'Olkusz', '84-541', 510649016),
(266, 'ulica Dworcowa 80/56', 'Białogard', '70-527', 532042185),
(267, 'pl. Staffa 74', 'Polkowice', '00-695', 884258909),
(268, 'al. Kilińskiego 421', 'Grodzisk Mazowiecki', '48-392', 669643080),
(269, 'ul. Łączna 771', 'Grodzisk Mazowiecki', '13-973', 882122703),
(270, 'ul. Fiołkowa 67', 'Krosno', '78-958', 574796715),
(271, 'ulica Żabia 523', 'Jaworzno', '64-811', 885445736),
(272, 'aleja Popiełuszki 62', 'Krotoszyn', '92-079', 786141367),
(273, 'ulica Kazimierza Wielkiego 57', 'Wołomin', '29-664', 724628842),
(274, 'al. Wypoczynkowa 78', 'Kluczbork', '15-939', 509859337),
(275, 'al. Plażowa 33', 'Gdynia', '92-840', 505863381),
(276, 'plac Jaśminowa 17/92', 'Jaworzno', '26-784', 506338933),
(277, 'pl. Brzozowa 97', 'Inowrocław', '41-675', 724444454),
(278, 'ul. Tulipanowa 687', 'Łódź', '30-498', 609698598),
(279, 'pl. Dobra 73/06', 'Sandomierz', '07-258', 501541030),
(280, 'pl. Wolności 464', 'Jawor', '17-864', 504272513),
(281, 'pl. Krasińskiego 52', 'Turek', '20-744', 888473948),
(282, 'aleja Skośna 38', 'Wrocław', '84-118', 666264218),
(283, 'pl. Boczna 59/82', 'Lubin', '55-587', 735626468),
(284, 'ul. Tęczowa 092', 'Stalowa Wola', '29-696', 781751118),
(285, 'ul. Bałtycka 48', 'Cieszyn', '25-167', 662728306),
(286, 'ulica Staszica 060', 'Biała Podlaska', '97-961', 229105187),
(287, 'aleja Moniuszki 04/96', 'Sopot', '81-617', 228428926),
(288, 'al. Jana 069', 'Nowy Targ', '65-035', 736913241),
(289, 'plac Lotnicza 99/06', 'Wyszków', '53-843', 503001609),
(290, 'ulica Kraszewskiego 78', 'Racibórz', '79-801', 512520591),
(291, 'ulica Jeziorna 22/80', 'Koło', '38-928', 698001277),
(292, 'plac Kielecka 21', 'Wołomin', '87-974', 508724557),
(293, 'pl. Wrocławska 82', 'Konin', '32-192', 502847298),
(294, 'pl. Zaułek 04', 'Legnica', '25-849', 785486730),
(295, 'ulica Kasprowicza 91/83', 'Tarnobrzeg', '91-158', 326579236),
(296, 'plac Zbożowa 86/07', 'Wieluń', '30-400', 533020707),
(297, 'aleja Poznańska 06/91', 'Jastrzębie-Zdrój', '80-015', 572017910),
(298, 'al. Kolorowa 65/17', 'Chojnice', '94-003', 577043956),
(299, 'al. Świerczewskiego 917', 'Żary', '78-183', 783926966);

Insert into Orders (id, order_date, comment, order_rating, account_id) values (1, '2020-03-29 20:03:14', "I love it.", 5, 177),
(2, '2020-09-29 08:01:04', "Product of bad quality, it broke.", 1, 293),
(3, '2020-06-03 18:06:18', Null, Null, 263),
(4, '2020-07-13 21:58:09', "Great service,thank you.", 5, 283),
(5, '2020-03-27 02:27:34', "Fast delivery, everything ok.", 5, 143),
(6, '2020-10-17 05:19:13', "Fast delivery, everything ok.", 5, 137),
(7, '2020-04-18 18:07:47', "I had some problems with support assistance", 2, 14),
(8, '2020-01-01 15:45:48', "Fast delivery, everything ok.", 5, 157),
(9, '2020-04-03 06:12:10', "I love it.", 5, 79),
(10, '2020-01-11 03:12:58', "Fast delivery, everything ok.", 5, 126),
(11, '2020-04-20 02:42:39', "I didn't get what I wanted.", 1, 223),
(12, '2020-05-25 21:40:13', "Expected something a little bit different.", 3, 183),
(13, '2020-03-02 03:31:42', "I love it.", 5, 80),
(14, '2020-03-04 08:03:13', "Couldn't wait and it's here. Thx", 5, 182),
(15, '2020-04-19 01:59:02', "I love it.", 5, 34),
(16, '2020-08-15 03:00:32', "I love it.", 5, 157),
(17, '2020-01-05 21:07:18', "Reliable seller, can honestly recommend to everyone", 5, 276),
(18, '2020-07-30 00:40:38', "I had some problems with support assistance", 3, 153),
(19, '2020-04-12 23:35:04', "I love it.", 5, 168),
(20, '2020-10-10 18:03:25', "I love it.", 5, 175),
(21, '2020-07-07 22:07:07', "I love it.", 5, 241),
(22, '2020-02-05 07:45:30', "Reliable seller, can honestly recommend to everyone", 5, 55),
(23, '2020-06-19 07:08:53', "I love it.", 5, 202),
(24, '2020-04-28 13:25:07', "Fast delivery, everything ok.", 5, 49),
(25, '2020-05-09 07:07:22', "No contact with a seller. I didnt' get anything", 1, 61),
(26, '2020-04-06 00:44:07', "Couldn't wait and it's here. Thx", 5, 81),
(27, '2020-05-02 05:24:54', "Great service,thank you.", 5, 285),
(28, '2020-10-01 03:20:00', "Couldn't wait and it's here. Thx", 5, 238),
(29, '2020-07-18 11:28:22', Null, Null, 154),
(30, '2020-04-15 14:53:50', "Couldn't wait and it's here. Thx", 5, 152),
(31, '2020-08-28 22:19:54', "Couldn't wait and it's here. Thx", 5, 117),
(32, '2020-06-09 07:41:11', "Long delivery.", 3, 60),
(33, '2020-03-14 18:14:32', "I love it.", 5, 83),
(34, '2020-07-18 16:28:18', "No contact with a seller. I didnt' get anything", 1, 235),
(35, '2020-01-06 06:46:34', "I had some problems with support assistance", 3, 1),
(36, '2020-06-12 00:09:23', "Great service,thank you.", 5, 64),
(37, '2020-06-23 18:29:36', "Product of bad quality, it broke.", 1, 166),
(38, '2020-01-15 21:56:02', "Great service,thank you.", 5, 11),
(39, '2020-03-02 23:49:31', "Product of bad quality, it broke.", 1, 298),
(40, '2020-04-04 12:04:50', "Reliable seller, can honestly recommend to everyone", 5, 207),
(41, '2020-07-04 05:58:34', "I didn't get what I wanted.", 1, 8),
(42, '2020-03-17 16:04:38', "Couldn't wait and it's here. Thx", 5, 122),
(43, '2020-06-04 23:55:10', Null, Null, 96),
(44, '2020-03-17 10:50:20', "Great service,thank you.", 5, 193),
(45, '2020-01-03 07:02:36', "Fast delivery, everything ok.", 5, 86),
(46, '2020-09-21 00:58:27', "I had some problems with support assistance", 4, 263),
(47, '2020-01-15 14:03:21', "Great service,thank you.", 5, 266),
(48, '2020-04-27 09:13:24', "Product of bad quality, it broke.", 1, 287),
(49, '2020-06-12 23:36:21', "I love it.", 5, 27),
(50, '2020-01-04 20:19:46', "Expected something a little bit different.", 2, 151),
(51, '2020-04-24 21:55:28', "Fast delivery, everything ok.", 5, 270),
(52, '2020-06-02 01:40:38', "I love it.", 5, 113),
(53, '2020-09-14 06:04:19', Null, Null, 184),
(54, '2020-08-16 15:52:55', "Expected something a little bit different.", 2, 81),
(55, '2020-03-07 02:49:16', "Great service,thank you.", 5, 3),
(56, '2020-10-26 02:12:21', "Great service,thank you.", 5, 21),
(57, '2020-07-16 11:33:56', "Great service,thank you.", 5, 90),
(58, '2020-10-04 17:37:03', "Great service,thank you.", 5, 220),
(59, '2020-04-29 13:44:34', Null, Null, 198),
(60, '2020-10-19 05:46:14', "No contact with a seller. I didnt' get anything", 1, 228),
(61, '2020-06-02 01:56:35', "Reliable seller, can honestly recommend to everyone", 5, 221),
(62, '2020-06-24 19:50:07', "Reliable seller, can honestly recommend to everyone", 5, 89),
(63, '2020-07-08 05:11:35', "Expected something a little bit different.", 3, 213),
(64, '2020-03-05 20:00:51', "I love it.", 5, 149),
(65, '2020-09-04 03:29:36', "I had some problems with support assistance", 4, 239),
(66, '2020-07-03 07:38:46', "Fast delivery, everything ok.", 5, 216),
(67, '2020-02-07 16:18:43', Null, Null, 34),
(68, '2020-06-03 04:05:05', "I love it.", 5, 76),
(69, '2020-09-09 22:53:25', "Reliable seller, can honestly recommend to everyone", 5, 253),
(70, '2020-10-08 01:07:44', "Great service,thank you.", 5, 41),
(71, '2020-09-13 20:12:51', "I love it.", 5, 154),
(72, '2020-05-04 12:15:36', "Fast delivery, everything ok.", 5, 173),
(73, '2020-03-13 11:23:38', "Product of bad quality, it broke.", 1, 115),
(74, '2020-10-26 14:33:38', "No contact with a seller. I didnt' get anything", 1, 118),
(75, '2020-02-22 12:04:57', "Fast delivery, everything ok.", 5, 51),
(76, '2020-01-20 10:07:58', "I had some problems with support assistance", 2, 75),
(77, '2020-03-07 01:21:20', Null, Null, 165),
(78, '2020-06-09 23:04:28', "No contact with a seller. I didnt' get anything", 1, 280),
(79, '2020-07-31 01:14:07', "I love it.", 5, 8),
(80, '2020-04-15 09:59:06', "Expected something a little bit different.", 2, 25),
(81, '2020-04-29 12:05:45', "Fast delivery, everything ok.", 5, 249),
(82, '2020-04-16 09:16:56', Null, Null, 156),
(83, '2020-10-22 00:34:19', Null, Null, 208),
(84, '2020-07-18 15:19:28', "Couldn't wait and it's here. Thx", 5, 227),
(85, '2020-01-29 19:46:27', "I love it.", 5, 220),
(86, '2020-02-06 12:14:02', "No contact with a seller. I didnt' get anything", 1, 98),
(87, '2020-06-22 19:15:12', "Expected something a little bit different.", 3, 84),
(88, '2020-01-04 15:26:37', "Great service,thank you.", 5, 276),
(89, '2020-06-30 17:56:29', "Product of bad quality, it broke.", 1, 24),
(90, '2020-02-17 22:02:39', "I love it.", 5, 75),
(91, '2020-01-07 06:21:10', "Reliable seller, can honestly recommend to everyone", 5, 247),
(92, '2020-05-15 18:20:06', "Fast delivery, everything ok.", 5, 175),
(93, '2020-09-22 07:52:14', Null, Null, 99),
(94, '2020-01-12 17:26:42', "Long delivery.", 4, 16),
(95, '2020-06-01 08:06:04', "I love it.", 5, 38),
(96, '2020-05-05 14:55:24', Null, Null, 165),
(97, '2020-03-23 07:16:18', "I didn't get what I wanted.", 1, 61),
(98, '2020-04-10 23:04:33', "Expected something a little bit different.", 4, 9),
(99, '2020-06-10 05:15:56', "Reliable seller, can honestly recommend to everyone", 5, 290),
(100, '2020-05-19 05:25:19', "Fast delivery, everything ok.", 5, 181),
(101, '2020-07-21 01:37:03', Null, Null, 31),
(102, '2020-02-28 09:59:34', Null, Null, 140),
(103, '2020-01-21 22:21:32', Null, Null, 263),
(104, '2020-07-12 07:33:13', "Couldn't wait and it's here. Thx", 5, 180),
(105, '2020-05-21 09:23:39', "Couldn't wait and it's here. Thx", 5, 136),
(106, '2020-10-27 15:35:35', "Fast delivery, everything ok.", 5, 28),
(107, '2020-11-10 22:28:29', "I love it.", 5, 153),
(108, '2020-10-22 06:18:29', "Fast delivery, everything ok.", 5, 4),
(109, '2020-04-07 16:50:35', "Long delivery.", 3, 4),
(110, '2020-08-23 04:11:50', "I had some problems with support assistance", 3, 59),
(111, '2020-06-28 15:23:02', "Reliable seller, can honestly recommend to everyone", 5, 183),
(112, '2020-06-28 16:11:19', "Couldn't wait and it's here. Thx", 5, 96),
(113, '2020-05-30 16:52:59', "I didn't get what I wanted.", 1, 226),
(114, '2020-07-14 03:09:13', "Great service,thank you.", 5, 171),
(115, '2020-09-30 22:59:11', Null, Null, 178),
(116, '2020-03-23 12:47:31', Null, Null, 207),
(117, '2020-04-20 00:59:46', "Couldn't wait and it's here. Thx", 5, 121),
(118, '2020-02-07 23:14:39', "Couldn't wait and it's here. Thx", 5, 82),
(119, '2020-10-26 20:12:25', "I love it.", 5, 276),
(120, '2020-02-18 20:28:55', "I had some problems with support assistance", 2, 94),
(121, '2020-09-25 01:57:09', "Great service,thank you.", 5, 21),
(122, '2020-08-06 00:08:45', "I love it.", 5, 50),
(123, '2020-03-23 23:53:48', "Great service,thank you.", 5, 272),
(124, '2020-04-22 00:48:54', Null, Null, 137),
(125, '2020-07-13 16:56:38', "Great service,thank you.", 5, 257),
(126, '2020-05-08 07:39:41', Null, Null, 71),
(127, '2020-03-17 22:24:41', "Reliable seller, can honestly recommend to everyone", 5, 215),
(128, '2020-04-15 08:18:29', Null, Null, 149),
(129, '2020-10-27 05:18:34', "Expected something a little bit different.", 4, 15),
(130, '2020-08-27 01:12:05', "Fast delivery, everything ok.", 5, 263),
(131, '2020-07-23 19:12:06', Null, Null, 139),
(132, '2020-09-22 20:20:25', "Couldn't wait and it's here. Thx", 5, 88),
(133, '2020-02-08 04:44:18', "I love it.", 5, 221),
(134, '2020-02-19 16:56:37', "I had some problems with support assistance", 2, 276),
(135, '2020-10-28 08:20:33', "Great service,thank you.", 5, 144),
(136, '2020-01-14 15:49:35', "Expected something a little bit different.", 3, 241),
(137, '2020-08-21 06:08:06', "I love it.", 5, 173),
(138, '2020-05-05 20:42:46', "Expected something a little bit different.", 3, 6),
(139, '2020-07-17 21:50:47', "Long delivery.", 4, 135),
(140, '2020-03-10 15:42:51', "Fast delivery, everything ok.", 5, 139),
(141, '2020-05-04 09:22:14', "Product of bad quality, it broke.", 1, 59),
(142, '2020-07-15 08:05:48', "Couldn't wait and it's here. Thx", 5, 278),
(143, '2020-04-23 21:46:28', "Couldn't wait and it's here. Thx", 5, 113),
(144, '2020-06-22 20:30:24', "Fast delivery, everything ok.", 5, 182),
(145, '2020-05-03 16:06:32', "Expected something a little bit different.", 2, 298),
(146, '2020-01-15 20:17:53', "Reliable seller, can honestly recommend to everyone", 5, 146),
(147, '2020-03-09 15:07:35', "Great service,thank you.", 5, 269),
(148, '2020-02-16 19:22:20', "I had some problems with support assistance", 4, 84),
(149, '2020-07-09 00:18:14', "No contact with a seller. I didnt' get anything", 1, 167),
(150, '2020-03-17 00:25:31', "Great service,thank you.", 5, 281),
(151, '2020-10-23 20:09:44', Null, Null, 85),
(152, '2020-08-26 05:37:31', "Great service,thank you.", 5, 268),
(153, '2020-04-23 05:41:50', "Reliable seller, can honestly recommend to everyone", 5, 46),
(154, '2020-05-12 14:44:00', Null, Null, 230),
(155, '2020-03-20 16:24:57', "I didn't get what I wanted.", 1, 50),
(156, '2020-08-29 03:06:05', Null, Null, 100),
(157, '2020-02-12 12:23:49', "Fast delivery, everything ok.", 5, 157),
(158, '2020-01-31 20:24:05', "Couldn't wait and it's here. Thx", 5, 78),
(159, '2020-05-28 11:59:32', "Reliable seller, can honestly recommend to everyone", 5, 95),
(160, '2020-10-27 03:57:00', Null, Null, 242),
(161, '2020-07-29 10:45:32', Null, Null, 98),
(162, '2020-02-01 03:35:21', "Long delivery.", 4, 299),
(163, '2020-10-14 05:54:08', "Reliable seller, can honestly recommend to everyone", 5, 150),
(164, '2020-07-16 01:05:48', "Expected something a little bit different.", 2, 83),
(165, '2020-03-13 03:07:27', "Couldn't wait and it's here. Thx", 5, 245),
(166, '2020-01-07 19:07:32', "Great service,thank you.", 5, 136),
(167, '2020-10-14 00:42:48', "Fast delivery, everything ok.", 5, 115),
(168, '2020-05-13 04:09:54', "Couldn't wait and it's here. Thx", 5, 183),
(169, '2020-06-11 09:26:22', "Great service,thank you.", 5, 57),
(170, '2020-03-07 11:02:04', "I love it.", 5, 92),
(171, '2020-05-30 05:24:27', "Expected something a little bit different.", 4, 136),
(172, '2020-02-29 02:05:50', "Fast delivery, everything ok.", 5, 150),
(173, '2020-08-08 06:51:05', "Product of bad quality, it broke.", 1, 232),
(174, '2020-04-01 21:27:45', "Great service,thank you.", 5, 130),
(175, '2020-05-24 03:05:32', "Couldn't wait and it's here. Thx", 5, 263),
(176, '2020-10-18 16:36:20', "Expected something a little bit different.", 4, 131),
(177, '2020-07-13 22:44:48', "Great service,thank you.", 5, 90),
(178, '2020-08-10 08:22:22', "Fast delivery, everything ok.", 5, 286),
(179, '2020-08-28 22:08:03', "Great service,thank you.", 5, 178),
(180, '2020-06-19 18:19:29', "No contact with a seller. I didnt' get anything", 1, 267),
(181, '2020-05-12 07:58:18', "Expected something a little bit different.", 2, 214),
(182, '2020-03-27 04:55:04', "Great service,thank you.", 5, 24),
(183, '2020-06-05 02:44:17', "Reliable seller, can honestly recommend to everyone", 5, 41),
(184, '2020-02-28 17:58:58', "Couldn't wait and it's here. Thx", 5, 241),
(185, '2020-03-20 06:41:19', "Long delivery.", 3, 280),
(186, '2020-01-15 16:43:43', "I didn't get what I wanted.", 1, 135),
(187, '2020-05-30 07:21:23', "Couldn't wait and it's here. Thx", 5, 27),
(188, '2020-01-28 13:01:07', Null, Null, 289),
(189, '2020-10-26 14:17:20', "Couldn't wait and it's here. Thx", 5, 233),
(190, '2020-01-13 19:04:08', "Great service,thank you.", 5, 29),
(191, '2020-02-21 11:39:51', "Fast delivery, everything ok.", 5, 183),
(192, '2020-04-02 04:14:57', "Fast delivery, everything ok.", 5, 121),
(193, '2020-01-31 22:05:10', "Fast delivery, everything ok.", 5, 151),
(194, '2020-04-16 23:01:58', "Expected something a little bit different.", 2, 213),
(195, '2020-01-19 18:58:11', Null, Null, 112),
(196, '2020-09-26 08:35:11', "I had some problems with support assistance", 3, 146),
(197, '2020-01-22 12:03:28', "I love it.", 5, 187),
(198, '2020-04-16 05:05:19', "Fast delivery, everything ok.", 5, 262),
(199, '2020-07-17 07:14:08', "Great service,thank you.", 5, 207),
(200, '2020-04-15 18:22:48', "Fast delivery, everything ok.", 5, 85),
(201, '2020-01-29 19:29:53', "Long delivery.", 3, 22),
(202, '2020-03-08 04:36:05', "Fast delivery, everything ok.", 5, 150),
(203, '2020-01-26 05:42:53', "Long delivery.", 2, 160),
(204, '2020-02-29 17:52:39', "Expected something a little bit different.", 3, 113),
(205, '2020-06-08 04:58:38', "Fast delivery, everything ok.", 5, 210),
(206, '2020-01-29 20:09:25', "Great service,thank you.", 5, 126),
(207, '2020-10-19 18:21:05', "Fast delivery, everything ok.", 5, 224),
(208, '2020-04-26 05:56:32', "I love it.", 5, 60),
(209, '2020-09-13 20:34:14', "I had some problems with support assistance", 4, 193),
(210, '2020-07-12 14:46:49', "Fast delivery, everything ok.", 5, 44),
(211, '2020-02-07 19:31:57', "I had some problems with support assistance", 2, 159),
(212, '2020-01-22 09:49:49', "I had some problems with support assistance", 3, 127),
(213, '2020-07-19 04:18:30', Null, Null, 259),
(214, '2020-01-11 15:59:48', "Fast delivery, everything ok.", 5, 202),
(215, '2020-09-23 00:45:49', "Reliable seller, can honestly recommend to everyone", 5, 229),
(216, '2020-05-25 05:07:59', "Great service,thank you.", 5, 248),
(217, '2020-09-04 13:01:19', Null, Null, 271),
(218, '2020-04-07 01:12:39', "Fast delivery, everything ok.", 5, 70),
(219, '2020-07-20 04:20:22', "Product of bad quality, it broke.", 1, 13),
(220, '2020-02-05 00:55:01', "Fast delivery, everything ok.", 5, 190),
(221, '2020-05-02 23:30:39', "Couldn't wait and it's here. Thx", 5, 76),
(222, '2020-02-16 04:38:49', "Product of bad quality, it broke.", 1, 38),
(223, '2020-10-11 14:39:59', "Great service,thank you.", 5, 32),
(224, '2020-03-01 16:12:54', "Great service,thank you.", 5, 209),
(225, '2020-03-02 02:02:40', "Great service,thank you.", 5, 12),
(226, '2020-04-02 10:34:49', "I love it.", 5, 157),
(227, '2020-02-08 21:08:53', "Fast delivery, everything ok.", 5, 219),
(228, '2020-09-14 11:03:32', "I love it.", 5, 107),
(229, '2020-03-11 02:39:43', "Long delivery.", 3, 174),
(230, '2020-10-05 10:17:04', "Fast delivery, everything ok.", 5, 59),
(231, '2020-01-07 09:12:07', "Great service,thank you.", 5, 142),
(232, '2020-08-07 16:20:48', "I had some problems with support assistance", 3, 137),
(233, '2020-05-22 05:53:58', "I love it.", 5, 29),
(234, '2020-06-27 03:22:45', "Reliable seller, can honestly recommend to everyone", 5, 91),
(235, '2020-09-07 04:51:46', "I had some problems with support assistance", 4, 84),
(236, '2020-02-14 00:45:19', "Reliable seller, can honestly recommend to everyone", 5, 266),
(237, '2020-10-27 09:59:51', "I didn't get what I wanted.", 1, 87),
(238, '2020-07-03 12:23:27', "No contact with a seller. I didnt' get anything", 1, 102),
(239, '2020-08-03 10:17:58', Null, Null, 37),
(240, '2020-02-09 08:02:47', "Expected something a little bit different.", 4, 135),
(241, '2020-09-02 07:40:46', "I didn't get what I wanted.", 1, 27),
(242, '2020-01-25 08:40:56', "Long delivery.", 4, 142),
(243, '2020-10-13 17:30:44', "Reliable seller, can honestly recommend to everyone", 5, 230),
(244, '2020-06-03 10:27:56', "I love it.", 5, 194),
(245, '2020-06-18 18:26:34', "Reliable seller, can honestly recommend to everyone", 5, 65),
(246, '2020-03-04 03:43:22', "No contact with a seller. I didnt' get anything", 1, 117),
(247, '2020-03-18 00:01:06', "Fast delivery, everything ok.", 5, 270),
(248, '2020-08-05 21:33:40', "Fast delivery, everything ok.", 5, 106),
(249, '2020-07-19 03:22:34', "I had some problems with support assistance", 2, 290),
(250, '2020-05-24 11:09:05', "I love it.", 5, 24),
(251, '2020-04-27 05:32:46', "I didn't get what I wanted.", 1, 126),
(252, '2020-05-26 11:35:17', "I had some problems with support assistance", 4, 199),
(253, '2020-09-28 22:51:05', "I love it.", 5, 57),
(254, '2020-11-08 16:51:25', "I had some problems with support assistance", 2, 139),
(255, '2020-05-27 18:29:27', "Fast delivery, everything ok.", 5, 211),
(256, '2020-07-16 05:44:13', "Long delivery.", 3, 187),
(257, '2020-01-26 13:08:20', "Great service,thank you.", 5, 217),
(258, '2020-09-13 17:18:16', "I had some problems with support assistance", 4, 110),
(259, '2020-10-23 15:51:37', "Couldn't wait and it's here. Thx", 5, 154),
(260, '2020-09-09 11:57:22', "Reliable seller, can honestly recommend to everyone", 5, 214),
(261, '2020-04-04 08:11:54', "Fast delivery, everything ok.", 5, 103),
(262, '2020-06-27 19:20:22', Null, Null, 161),
(263, '2020-09-09 05:26:34', "Reliable seller, can honestly recommend to everyone", 5, 286),
(264, '2020-03-10 06:36:03', "Fast delivery, everything ok.", 5, 238),
(265, '2020-04-01 08:51:30', "No contact with a seller. I didnt' get anything", 1, 167),
(266, '2020-05-31 07:06:48', "Fast delivery, everything ok.", 5, 3),
(267, '2020-09-22 02:56:38', "I didn't get what I wanted.", 1, 70),
(268, '2020-08-09 18:45:25', "Couldn't wait and it's here. Thx", 5, 292),
(269, '2020-07-15 22:12:32', "Great service,thank you.", 5, 205),
(270, '2020-09-09 07:39:01', "Fast delivery, everything ok.", 5, 84),
(271, '2020-06-16 18:32:59', "Reliable seller, can honestly recommend to everyone", 5, 82),
(272, '2020-06-26 06:32:30', "Expected something a little bit different.", 3, 267),
(273, '2020-03-11 02:24:12', "Reliable seller, can honestly recommend to everyone", 5, 53),
(274, '2020-10-02 22:33:13', "I love it.", 5, 119),
(275, '2020-11-09 18:32:45', "Reliable seller, can honestly recommend to everyone", 5, 65),
(276, '2020-09-04 18:36:00', "Reliable seller, can honestly recommend to everyone", 5, 263),
(277, '2020-02-24 13:49:19', "Couldn't wait and it's here. Thx", 5, 220),
(278, '2020-10-17 01:32:15', "Great service,thank you.", 5, 240),
(279, '2020-01-26 10:25:41', "Reliable seller, can honestly recommend to everyone", 5, 271),
(280, '2020-05-03 18:53:22', "Expected something a little bit different.", 4, 158),
(281, '2020-07-10 23:17:06', "Long delivery.", 2, 232),
(282, '2020-06-04 23:08:44', Null, Null, 255),
(283, '2020-03-07 16:38:09', "I had some problems with support assistance", 4, 152),
(284, '2020-03-16 02:15:53', "I had some problems with support assistance", 2, 234),
(285, '2020-09-10 00:11:39', "I love it.", 5, 121),
(286, '2020-11-10 16:15:23', "I love it.", 5, 246),
(287, '2020-02-26 15:09:23', "I love it.", 5, 175),
(288, '2020-01-31 02:17:37', "I had some problems with support assistance", 4, 289),
(289, '2020-09-19 12:00:08', "I love it.", 5, 296),
(290, '2020-02-20 07:05:36', "Reliable seller, can honestly recommend to everyone", 5, 61),
(291, '2020-05-22 04:08:43', "Fast delivery, everything ok.", 5, 60),
(292, '2020-10-11 09:14:52', "Reliable seller, can honestly recommend to everyone", 5, 255),
(293, '2020-05-03 22:44:50', "Reliable seller, can honestly recommend to everyone", 5, 144),
(294, '2020-07-20 16:34:15', "Fast delivery, everything ok.", 5, 257),
(295, '2020-09-21 11:31:39', "Great service,thank you.", 5, 207),
(296, '2020-01-24 01:01:50', "Fast delivery, everything ok.", 5, 274),
(297, '2020-07-20 21:10:58', "I had some problems with support assistance", 3, 13),
(298, '2020-03-19 01:09:19', Null, Null, 93),
(299, '2020-09-18 03:53:19', "Great service,thank you.", 5, 9),
(300, '2020-08-07 14:21:23', "Couldn't wait and it's here. Thx", 5, 218),
(301, '2020-05-27 12:06:09', "I had some problems with support assistance", 3, 283),
(302, '2020-07-01 06:39:33', "Great service,thank you.", 5, 47),
(303, '2020-06-20 08:11:20', Null, Null, 50),
(304, '2020-01-04 09:25:22', "I love it.", 5, 236),
(305, '2020-01-14 14:05:44', "Couldn't wait and it's here. Thx", 5, 225),
(306, '2020-07-16 18:59:03', "Long delivery.", 4, 105),
(307, '2020-08-16 10:21:00', "Couldn't wait and it's here. Thx", 5, 165),
(308, '2020-11-02 06:45:57', "Long delivery.", 4, 286),
(309, '2020-10-24 14:51:54', "Great service,thank you.", 5, 87),
(310, '2020-10-07 19:39:27', "Long delivery.", 2, 106),
(311, '2020-04-19 21:34:23', "Fast delivery, everything ok.", 5, 12),
(312, '2020-02-21 08:13:15', "Couldn't wait and it's here. Thx", 5, 275),
(313, '2020-04-28 23:37:18', "Reliable seller, can honestly recommend to everyone", 5, 134),
(314, '2020-10-19 18:46:54', "I had some problems with support assistance", 3, 206),
(315, '2020-05-26 03:01:01', "Fast delivery, everything ok.", 5, 280),
(316, '2020-05-16 06:16:00', "Fast delivery, everything ok.", 5, 259),
(317, '2020-02-16 09:08:59', "Great service,thank you.", 5, 158),
(318, '2020-03-18 07:03:05', "Couldn't wait and it's here. Thx", 5, 66),
(319, '2020-10-04 23:52:15', "Long delivery.", 4, 136),
(320, '2020-03-06 23:47:01', "Long delivery.", 4, 2),
(321, '2020-07-26 09:58:27', "Great service,thank you.", 5, 278),
(322, '2020-06-22 21:40:52', "Great service,thank you.", 5, 189),
(323, '2020-03-24 10:53:47', "Reliable seller, can honestly recommend to everyone", 5, 271),
(324, '2020-02-23 20:23:51', "I didn't get what I wanted.", 1, 294),
(325, '2020-10-11 18:35:54', Null, Null, 251),
(326, '2020-06-20 22:56:39', "Fast delivery, everything ok.", 5, 181),
(327, '2020-05-17 07:34:02', Null, Null, 282),
(328, '2020-06-02 19:56:33', "I didn't get what I wanted.", 1, 250),
(329, '2020-06-04 23:36:27', "Fast delivery, everything ok.", 5, 292),
(330, '2020-04-11 21:23:11', "Reliable seller, can honestly recommend to everyone", 5, 73),
(331, '2020-02-12 04:01:52', "Couldn't wait and it's here. Thx", 5, 67),
(332, '2020-08-05 21:50:26', "Reliable seller, can honestly recommend to everyone", 5, 49),
(333, '2020-05-28 00:38:10', "Reliable seller, can honestly recommend to everyone", 5, 53),
(334, '2020-07-16 04:01:12', "I had some problems with support assistance", 3, 178),
(335, '2020-07-20 06:51:10', "I had some problems with support assistance", 2, 118),
(336, '2020-07-07 08:30:38', "Long delivery.", 4, 126),
(337, '2020-09-28 14:34:50', Null, Null, 288),
(338, '2020-07-01 07:56:14', "Reliable seller, can honestly recommend to everyone", 5, 43),
(339, '2020-04-24 13:33:28', "Great service,thank you.", 5, 90),
(340, '2020-10-02 19:52:07', "Reliable seller, can honestly recommend to everyone", 5, 20),
(341, '2020-10-13 17:22:06', "Reliable seller, can honestly recommend to everyone", 5, 141),
(342, '2020-08-31 05:00:40', "Great service,thank you.", 5, 80),
(343, '2020-08-18 05:15:15', "Reliable seller, can honestly recommend to everyone", 5, 55),
(344, '2020-09-23 23:05:25', "Great service,thank you.", 5, 218),
(345, '2020-07-31 22:49:34', "Great service,thank you.", 5, 124),
(346, '2020-04-05 03:23:55', "Fast delivery, everything ok.", 5, 278),
(347, '2020-02-12 07:25:13', "I love it.", 5, 112),
(348, '2020-07-02 03:25:25', Null, Null, 118),
(349, '2020-03-30 12:18:27', "Fast delivery, everything ok.", 5, 290),
(350, '2020-09-19 20:15:50', "I love it.", 5, 297),
(351, '2020-09-25 17:06:20', "No contact with a seller. I didnt' get anything", 1, 15),
(352, '2020-08-07 07:22:56', "Reliable seller, can honestly recommend to everyone", 5, 162),
(353, '2020-10-20 16:53:57', "I had some problems with support assistance", 4, 57),
(354, '2020-10-03 10:53:46', "Long delivery.", 3, 73),
(355, '2020-08-01 20:29:20', Null, Null, 263),
(356, '2020-07-30 16:43:07', "I had some problems with support assistance", 3, 110),
(357, '2020-06-16 06:47:21', "I love it.", 5, 13),
(358, '2020-10-03 03:09:24', "Reliable seller, can honestly recommend to everyone", 5, 118),
(359, '2020-05-16 18:16:37', "Fast delivery, everything ok.", 5, 64),
(360, '2020-09-10 07:58:42', "I love it.", 5, 40),
(361, '2020-04-10 22:01:27', "Great service,thank you.", 5, 42),
(362, '2020-10-28 03:01:51', "Reliable seller, can honestly recommend to everyone", 5, 33),
(363, '2020-07-05 22:10:37', "Great service,thank you.", 5, 163),
(364, '2020-01-19 21:10:57', "Great service,thank you.", 5, 124),
(365, '2020-05-07 01:11:45', "Great service,thank you.", 5, 107),
(366, '2020-07-19 16:04:54', "Long delivery.", 4, 197),
(367, '2020-05-11 15:18:12', "Great service,thank you.", 5, 8),
(368, '2020-09-05 06:56:19', "Reliable seller, can honestly recommend to everyone", 5, 285),
(369, '2020-06-05 04:26:39', "Couldn't wait and it's here. Thx", 5, 271),
(370, '2020-10-08 17:29:04', "Great service,thank you.", 5, 228),
(371, '2020-07-12 15:40:30', "Long delivery.", 2, 285),
(372, '2020-09-24 23:10:41', "Expected something a little bit different.", 3, 47),
(373, '2020-05-04 03:53:41', "I love it.", 5, 268),
(374, '2020-06-23 11:21:47', "I didn't get what I wanted.", 1, 5),
(375, '2020-10-03 14:59:01', "Expected something a little bit different.", 4, 96),
(376, '2020-05-06 14:35:12', "Expected something a little bit different.", 2, 41),
(377, '2020-01-02 02:32:15', "Reliable seller, can honestly recommend to everyone", 5, 8),
(378, '2020-05-20 07:27:04', "Couldn't wait and it's here. Thx", 5, 193),
(379, '2020-06-02 01:00:37', "Expected something a little bit different.", 4, 126),
(380, '2020-05-09 21:29:12', "I had some problems with support assistance", 3, 161),
(381, '2020-01-02 14:15:38', Null, Null, 132),
(382, '2020-03-10 04:00:21', Null, Null, 51),
(383, '2020-03-03 18:59:13', "I love it.", 5, 8),
(384, '2020-02-08 22:18:20', "Expected something a little bit different.", 3, 121),
(385, '2020-02-09 10:13:12', "I love it.", 5, 136),
(386, '2020-06-19 12:40:46', Null, Null, 298),
(387, '2020-09-10 08:18:16', "Product of bad quality, it broke.", 1, 91),
(388, '2020-07-21 09:06:06', "Great service,thank you.", 5, 33),
(389, '2020-03-05 01:24:50', "Expected something a little bit different.", 3, 226),
(390, '2020-11-05 15:30:44', Null, Null, 2),
(391, '2020-05-26 16:08:17', "Reliable seller, can honestly recommend to everyone", 5, 85),
(392, '2020-10-13 09:08:37', "Fast delivery, everything ok.", 5, 266),
(393, '2020-01-20 23:55:29', "Great service,thank you.", 5, 59),
(394, '2020-07-28 16:01:29', "I love it.", 5, 45),
(395, '2020-10-22 06:47:10', "Fast delivery, everything ok.", 5, 172),
(396, '2020-08-08 02:52:05', "Couldn't wait and it's here. Thx", 5, 37),
(397, '2020-04-29 00:20:34', "Great service,thank you.", 5, 232),
(398, '2020-04-13 05:14:49', Null, Null, 134),
(399, '2020-07-19 02:15:37', "I love it.", 5, 283),
(400, '2020-02-26 04:42:15', "Reliable seller, can honestly recommend to everyone", 5, 38);

Insert into Products (id, Product_name, Brand, Unit_price) values (3, 'ENAQ - AC Adapter for TOSHIBA SATELLITE 1700 1710 1715 1730 1735 1750 1755 1955 3000 3005 A100 M30X M35X - Black', 'DENAQ', 23.99),
(644, 'PyleHome - LCD Projector - Silver/White', 'PyleHome', 167.49),
(578, 'Samsung - 49 Class (48.5" Diag.) - LED - 1080p - Smart - HDTV"', 'Samsung', 479.99),
(372, 'SENNHEISER HD 558 Over Ear Headphones HD558 - AUTHORIZED DEALER', 'Sennheiser', 149.99),
(188, 'Samsung - 40 Class (39.5" Diag.) - LED - 1080p - Smart - HDTV"', 'Samsung', 399.99),
(221, '27 iMac with Retina 5K Display (Mid 2017)', 'Apple', 1839.99),
(695, 'pple MacBook Pro with Touch Bar - 13.3 - Core i5 - 8 GB RAM - 512 GB SSD - English"', 'Apple', 1749.0),
(101, 'UBD-M9500 HDR UHD Upscaling Blu-ray Disc Player', 'Samsung', 328.36),
(791, 'Cobra - CDR895D Front and Rear Camera Dash Cam - Black', 'Cobra', 168.99),
(348, 'Next-Generation ARRIS SURFboard SB8200 DOCSIS 3.1 Cable Modem - Retail Packaging- White', 'Arris', 174.0),
(327, 'Sony SEL85F18 85mm F/1.8-22 Medium-Telephoto Fixed Prime Camera Lens', 'Sony', 599.99),
(484, 'Razer Naga Chroma MMO Gaming Mouse 12 Programmable Thumb Buttons 16000 DPI Wired', 'Razer', 29.99),
(388, 'Incipio Mods Offgrid Power Pack Battery For Motorola Moto Z Force Z2 Black New', 'Incipio', 89.99),
(717, 'Kenwood DDX9703S 6.95 Double-DIN In-Dash DVD Receiver with Bluetooth', 'Kenwood', 439.99),
(740, 'Samsung - 65 Class - LED - MU7000 Series - 2160p - Smart - 4K UHD TV with HDR"', 'Samsung', 1129.0),
(474, 'R120WH2 ezFrame 2 58.7 x 104.7 Fixed Frame Projection Screen', 'Elite Screens', 744.0),
(532, 'GoSafe S30 1080p Dash Cam', 'Papago', 99.99),
(50, 'Marantz - 1400W 7.2-Ch. 4K Ultra HD and 3D Pass-Through A/V Home Theater Receiver - Black', 'Marantz', 853.99),
(684, 'Klipsch - Reference Series 2.1-Channel Soundbar System with 6-1/2 Wireless Subwoofer and Digital Amplifier - Black"', 'Klipsch', 299.99),
(291, 'MU8000-Series 65-Class HDR UHD Smart LED TV', 'Samsung', 2697.99),
(394, 'pple iPhone SE Gold 16GB for Sprint ( MLY92LL/A )', 'Apple', 8.33),
(1, 'Sanus VLF410B1 10-Inch Super Slim Full-Motion Mount for 37 - 84 Inches TVs', 'Sanus', 104.99),
(268, 'Sigma - 35mm f/1.4 DG HSM Art Standard Lens for Canon - Black', 'Sigma', 899.0),
(430, 'LP-E6N Lithium-Ion Battery Pack (7.2V, 1865mAh)', 'Canon', 66.0),
(357, 'LG - 65 Class - LED - SJ8500 Series - 2160p - Smart - 4K UHD TV with HDR"', 'LG', 2796.99),
(794, 'SRS-XB2 Portable Bluetooth Wireless Speaker (Red)', 'Sony', 49.95),
(384, 'dioQuest NightOwl Carbon Closed-Back Around-the-Ear Headphones', 'Audioquest', 699.98),
(259, 'Grace Digital - 100W 2.0-Ch. Amplifier - Black', 'Grace Digital', 169.99),
(317, 'nware 15 R3 Aw15r3/15.6 Fhd/i77700hq/nvidia Gtx1070/16gb/1tb Hdd+128gb Ssd"', 'Alienware', 1656.99),
(275, 'Hauppauge - WinTV-dualHD Cordcutter - Black', 'Hauppauge', 69.99),
(197, 'Planet Audio - 6.2 - Bluetooth - In-Dash DVD Receiver - Black"', 'Planet Audio', 89.14),
(792, 'Netgear Cm700 Docsis 3.0 32x8 High Speed Cable Modem', 'Netgear', 97.99),
(609, '-Link - DCS Indoor 720p Wi-Fi Network Surveillance Cameras (2-Pack) - White', 'D-Link', 119.99),
(718, 'SanDisk  Extreme Pro 32 GB SDHC', 'SanDisk', 64.75),
(518, '17.3 WE72 7RJ Mobile Workstation', 'MSI', 1799.0),
(710, 'Pioneer - 5.1-Ch. 4K Ultra HD HDR Compatible A/V Home Theater Receiver - Black', 'Pioneer', 299.0),
(598, '4GB NW-WS413 Sports Walkman Digital Music Player (Black)', 'Sony', 78.0),
(303, 'Samsung EVO+ 256GB UHS-I microSDXC U3 Memory Card with Adapter (MB-MC256DA/AM)', 'Samsung', 56.99),
(360, 'NVIDIA - SHIELD Wireless Controller - Black', 'NVIDIA', 59.99),
(160, 'Logitech Ultrathin Touch Mouse T630 for Windows 8 Touch Gestures', 'Logitech', 68.82),
(14, 'Panamax Mr4000 8outlets Surge Protector Home Theater Power Line Management', 'Panamax', 199.0),
(92, 'Belkin F4U095tt Thunderbolt 3 Express Dock HD with 3.3-Foot Thunderbolt 3 Cable', 'Belkin', 299.99),
(708, 'ECOXGEAR - ECOSTONE Bluetooth Waterproof Speaker - Blue', 'ECOXGEAR', 140.05),
(745, 'Pioneer - Andrew Jones Soundbar System with 6-1/2 Wireless Subwoofer - Black"', 'Pioneer', 319.99),
(464, 'CORSAIR - VENGEANCE Series 16GB (2PK 8GB) 2.4GHz DDR4 Laptop Memory - Black', 'CORSAIR', 189.99),
(762, 'P-300F Fully Automatic Turntable', 'Denon', 349.99),
(519, 'Energizer Nikon D5100/3100 Battery Grip', 'Bower', 59.88),
(315, 'CORSAIR - Vengeance Pro Series 16GB (2PK x 8GB) 1.6 GHz DDR3 DIMM Desktop Memory Kit - Multi', 'CORSAIR', 129.99),
(310, 'E100 1080p Dash Camera', 'GEKO', 69.99),
(241, 'Sony - High Power XB60 Portable Bluetooth Speaker - Black', 'Sony', 248.0),
(99, 'XPS 8920 Tower Desktop Computer', 'Dell', 799.0),
(608, 'Pro-Ject - Box E Digital-to-Analog Converter - Black', 'Pro-Ject', 79.98),
(320, 'Sony - G Master FE 85 mm F1.4 GM Full-Frame E-Mount Mid-range Telephoto Lens - Black', 'Sony', 1797.95),
(366, 'Insignia NS-HDRAD2 Tabletop HD Radio', 'Insignia', 36.99),
(812, 'Sennheiser - Digital Headphone Amplifier - Silver', 'Sennheiser', 2199.95),
(824, 'Skybell Hd Wifi 1080p Video Doorbell Bronze (sh02300bz)', 'Skybell', 197.99),
(732, '2PJ4280 - Peerless-AV Wall Mount for Tablet PC', 'Peerless-AV', 39.99),
(435, 'Rugged Book Keyboard and Case for iPad Air 2', 'ZAGG', 129.99),
(441, 'PYLE - Amplifier - Black', 'PYLE', 180.0),
(523, 'Rand McNally 7 Connected Car Tablet Overdryve 7c', 'Rand McNally', 72.78),
(572, 'HDR-AS200V Full HD Action Cam', 'Sony', 149.95),
(799, 'Power Acoustik EG1-4500D Edge Series Monoblock Class D Amp, 4,500 Watts Max', 'Power Acoustik', 144.37),
(210, 'Goal Zero Nomad 7 Plus Solar Panel', 'Goal Zero', 99.95),
(693, 'Samsung - 65 Class - LED - MU6290 Series - 2160p - Smart - 4K Ultra HD TV with HDR"', 'Samsung', 1099.99),
(482, 'Russound - Acclaim 5 Series 100W 2-Way Indoor/Outdoor Speakers (Pair) - Black', 'Russound', 146.98),
(48, 'House of Marley Smile Jamaica In-Ear Earbuds', 'House of Marley', 22.18),
(472, 'CORSAIR HYDRO SERIES H100i v2 AIO Liquid CPU Cooler', 'Corsair', 125.81),
(542, 'X6D X105-RF-X1-BBY Rechargeable Active RF/Bluetooth 3D Glasses Full HD', 'X6D', 67.46),
(696, 'BC 30 Wireless Backup Camera with Car Adapter Power Cable', 'Garmin', 149.99),
(475, 'h.ear go Wireless Speaker (Viridian Blue)', 'Sony', 198.0),
(412, 'Photo Hatchback Series BP 150 AW II Backpack (Black/Gray)', 'Lowepro', 68.99),
(239, 'Yamaha - Micro Component System - Blue', 'Yamaha', 279.95),
(633, 'Samsung - 55 Class - LED - Curved - Q7C Series - 2160p - Smart - 4K UHD TV with HDR"', 'Samsung', 2997.99),
(59, 'Logitech - G560 LIGHTSYNC 2.1 Bluetooth Gaming Speakers with Game Driven RGB Lighting (3-Piece) - Black', 'Logitech', 199.99),
(130, 'Innovative Technology Itsbo358p Bluetooth Outdoor Rock Speaker Pair', 'Innovative Technology', 94.36),
(761, 'Beats Solo 2 Wireless On-Ear Headphone - White-(Certified Refurbished)', 'Beats', 119.99),
(271, 'Memorex CD/Cassette Recorder Boombox MP3 AM/FM FlexBeats MP3262 with Aux line in jack - Black', 'Memorex', 54.99),
(593, '1080p Day/Night PTZ Speed Dome Camera with 5 to 61mm Auto Focus Lens', 'Lorex', 478.99),
(527, 'Lowepro Dashpoint AVC 1, Blue', 'Lowepro', 8.99),
(661, 'ECO STYLE - Sports Voyage Backpack - Black/Platinum', 'ECO STYLE', 79.99),
(488, 'Bic America Rtr1530 15 Rtr Series 3-way Tower Speaker"', 'BIC America', 200.99),
(15, 'pine 480w 6.5 2way Typee Coaxial Car Speakers W/ Silk Tweeters | Spe6000"', 'Alpine', 51.99),
(642, 'nactive', 'Bower', 29.99),
(452, 'Kenwood KDC-HD262U CD Receiver with Built-in HD Radio', 'Kenwood', 79.79),
(704, 'Cyber-shot DSC-RX100 V Digital Camera', 'Sony', 998.0),
(156, 'pine - 6 x 9" 2-Way Coaxial Car Speakers with Polypropylene Cones (Pair) - Black"', 'Alpine', 56.48),
(326, 'Razer Cynosa Chroma Rgb Gaming Keyboard Spillresistant Durable Design', 'Razer', 48.95),
(678, 'Energizer - Recharge Rechargeable AA Batteries (8-Pack)', 'Energizer', 26.99),
(499, 'Sony Kd43x720e 43inch 4k Ultra Hd Smart Led Tv (2017 Model) Kd43x720e', 'Sony', 535.99),
(66, 'KICKER - KM 6.5 2-Way Coaxial Marine Speaker with Injection-Molded Polypropylene Cone (Pair) - Charcoal"', 'Kicker', 143.95),
(778, 'pple - MacBook Pro® - 13 Display - Intel Core i5 - 8 GB Memory - 512GB Flash Storage (Latest Model) - Silver"', 'Apple', 1999.0),
(607, 'CORSAIR - ValueSelect 16GB (2PK x 8GB) 1.3 GHz DDR3 SDRAM Laptop Memory - Multi', 'Corsair', 132.99),
(454, 'MU9000-Series 65-Class HDR UHD Smart LED TV', 'Samsung', 1599.99),
(446, '128GB iPod touch (Gold) (6th Generation)', 'Apple', 299.0),
(569, 'Simple - StrongHold Headrest Mount for Most 7 - 10.2" Tablets - Black"', 'iSimple', 30.99),
(228, 'V-MODA - Crossfade LP2 Vocal Limited Edition Over-the-Ear Headphones - Matte Black', 'V-MODA', 129.99),
(714, 'Sonos - CONNECT Wireless Streaming Music Stereo Component - White', 'Sonos', 349.0),
(676, 'Bose® - SoundSport® In-Ear Headphones (Android) - Charcoal', 'Bose®', 46.3),
(399, 'PDWM1904 Single-Channel Wireless System with Headset Lavalier Microphones', 'Pyle Pro', 82.51),
(553, 'X900F-Series 55-Class HDR UHD Smart LED TV', 'Sony', 1498.0),
(785, 'Ghostek - Atomic Protective Waterproof Case for Samsung Galaxy Note 5 - Black', 'Ghostek', 64.99),
(125, 'Toshiba Micro Component Speaker System: Wireless Bluetooth Speaker Sound System with FM', 'Toshiba', 129.99),
(43, 'Russound - Acclaim 5 Series 6-1/2 Indoor/Outdoor Speaker (Each) - White"', 'Russound', 128.59),
(5, 'NS-SP1800BL 5.1-Channel Home Theater System (Black)', 'Yamaha', 244.01),
(805, 'Sonic Alert Sb300ss Sonic Boom Alarm Clock White', 'Sonic Alert', 44.0),
(418, 'ppearing Series DI 5.5S 2-Way Speaker (Single, 5.25 Driver)', 'Definitive Technology', 249.0),
(137, 'Microsoft Arc Mouse Bluetooth 4.0 Souris Wireless For Surface Windows 10', 'Microsoft', 79.99),
(69, 'Yamaha - Micro Component System - White', 'Yamaha', 279.99),
(483, 'dioQuest - RJE Cinnamon 2.5 Ethernet Cable - Black/Red', 'AudioQuest', 74.75),
(105, 'PowerShot G5 X Digital Camera Free Accessory Kit', 'Canon', 933.95),
(804, 'QuickFit 22 Stainless Steel Watch Band (Slate Gray)', 'Garmin', 149.99),
(766, 'pple - iPad Air 2 Wi-Fi + Cellular 128GB - Gold', 'Apple', 829.99),
(54, 'PS200 A/V Component Shelf', 'Peerless-AV', 42.07),
(769, 'YSP-4300 Digital Sound Projector Wireless Active Subwoofer (Black)', 'Yamaha', 1799.95),
(40, 'Lenovo - AC Adapter for Select Lenovo Yoga Laptops - Black', 'Lenovo', 39.99),
(83, 'New Nib Novatel 6620l Verizon 4g Lte Global Ready Jetpack Mifi Hotspot', 'Novatel', 79.98),
(726, 'V-MODA Crossfade 2 Wireless Over-Ear Headphone - Matte Black', 'V-Moda', 249.99),
(278, 'mps Air Bluetooth Wireless Earbuds (Deep Blue)', 'SOL REPUBLIC', 149.99),
(752, 'Russound - 2-Way Outdoor Rock Loudspeaker (Each) - Gray Granite', 'Russound', 299.99),
(10, 'Outdoor Tech Buckshot Pro Bluetooth Speaker', 'Outdoor Tech', 55.99),
(126, 'Prime Three-Way Center Channel Speaker (Premium Black Ash)', 'SVS', 349.98),
(9, 'Corsair Vengeance LPX 16GB (2x8GB) DDR4 DRAM 3000MHz C15 Desktop Memory Kit - Black (CMK16GX4M2B3000C15)', 'Corsair', 139.99),
(680, 'LG Electronics OLED65C7P 65-Inch 4K Ultra HD Smart OLED TV - Refurbished', 'LG', 4999.99),
(129, 'NS-6490 Bookshelf Speaker (Pair)', 'Yamaha', 149.95),
(408, 'Samsung - Galaxy J7 4G LTE with 16GB Memory Cell Phone (Unlocked) - Black', 'Samsung', 219.99),
(108, 'dioQuest - Black Lab 26.2 In-Wall Subwoofer Cable - Black/White', 'AudioQuest', 64.99),
(386, 'dioQuest - RJE Vodka 2.5 Ethernet Cable - Black/Blue', 'AudioQuest', 249.99),
(575, 'JOBY GorillaPod SLR Zoom. Flexible Tripod with Ballhead Bundle for DSLR and Mirrorless Cameras Up To 3kg. (6.6lbs).', 'Joby', 46.99),
(273, 'Sennheiser - HD 660 S Over-the-Ear Headphones - Matte Black and Anthracite', 'Sennheiser', 499.95),
(227, 'Razer BlackShark Over Ear Noise Isolating PC Gaming Headset - Metal Construction and Compatible with PS4', 'Razer', 140.84),
(329, 'kate spade new york - Glitter Sleeve for 13 Apple® MacBook® - Rose Gold"', 'kate spade new york', 69.99),
(225, 'pple iPod Touch 128GB Blue', 'Apple', 299.0),
(416, 'Signature Series 43-Class UHD Outdoor LED TV (Black)', 'SunBriteTV', 2799.0),
(688, 'SVS - 12 800W Powered Subwoofer - Black"', 'SVS', 1199.99),
(26, 'SpeakerCraft - Profile CRS6 Two 6-1/2 In-Ceiling Speaker (Each) - Black"', 'SpeakerCraft', 229.98),
(417, 'Phantom 410 Mid-Tower Case (Gunmetal)', 'NZXT', 89.89),
(649, 'Elite A-20 2-Channel Integrated Amplifier', 'Pioneer', 299.99),
(148, 'Yamaha - MusicCast 5.1-Ch. 4K Ultra HD A/V Home Theater Receiver - Black', 'Yamaha', 599.99),
(636, 'Pioneer GM-D8601 Class D Mono Amplifier with Wired Bass Boost Remote', 'Pioneer', 118.99),
(292, 'CORSAIR - HD Series 120mm Case Cooling Fan Kit with RGB lighting', 'CORSAIR', 85.99),
(237, 'VR-X3400H 7.2-Channel Network A/V Receiver', 'Denon', 875.19),
(37, 'Virtually Invisible 891 In-Wall Speakers (Pair)', 'Bose', 599.99),
(244, 'Niles - 6-Pair Speaker Selector with Volume Control - Black', 'Niles', 619.98),
(727, 'Bose Quietcomfort 35 Noise Cancelling Wireless Headphones Series Ii Qc35 Black', 'Bose', 349.99),
(772, 'Samsung - 850 EVO 500GB Internal SATA Solid State Drive for Laptops and PC', 'Samsung', 177.99),
(32, 'Home Rechargeable Splash Proof Stereo Bluetooth Speaker - Black (IBT33BC)', 'Sdi Technologies, Inc.', 37.99),
(516, 'TiVo Mini Receiver', 'Tivo', 169.99),
(84, 'Grind Headphones with Single-Button TapTech and Mic (Black)', 'Skullcandy', 58.99),
(447, 'Refurbished Samsung Curved 65 4K (2160P) Smart QLED TV (2017 Model) + 1 Year Extended Warranty (QN65Q7CAMFXZA)"', 'Samsung', 5199.99),
(20, 'Peerless - Round Ceiling Plate for Most Peerless-AV Projector Mounts - Black', 'Peerless', 21.99),
(235, 'MCR-B043 30W Bluetooth Wireless Music System (Red)', 'Yamaha', 249.99),
(46, 'Hisense - 55 Class - LED - H9 Series - 2160p - Smart - 4K UHD TV with HDR"', 'Hisense', 799.99),
(289, 'Panamax - 8-Outlet Power Conditioner/Surge Protector - Black', 'Panamax', 169.98),
(654, 'Sabrent Sp-byta Speaker System - 2 W Rms - Wireless Speaker[s] - Usb - Ipod Supported (sp-byta)', 'Sabrent', 29.99),
(551, 'SanDisk Ultra II 1TB SATA III SSD - 2.5-Inch 7mm Height Solid State Drive - SDSSDHII-1T00-G25', 'SanDisk', 299.0),
(331, 'V-MODA - CROSSFADE M-100 Over-the-Ear Headphones - Shadow', 'V-MODA', 249.98),
(187, 'Flyer Wireless Fitness Headphones (Nightfall Blue)', 'Fitbit', 129.95),
(283, 'Onkyo TXNR757 7.2 Channel Wireless A/V Receiver w/ HDCP2.2/HDR DTS _ Bluetooth', 'Onkyo', 699.99),
(681, '*new~sennheiser Hd 4.50 Btnc Wireless Noise Cancelling Headphones~touch Controls', 'Sennheiser', 199.95),
(423, 'Visidec - Focus Double Swing Arm Mount - Polished Silver', 'Visidec', 130.89),
(500, 'pine - Rear View Camera - Black', 'Alpine', 149.95),
(646, 'UM Pro10 Single-Driver Universal In-Ear Monitors (Blue, First Generation)', 'Westone', 149.99),
(260, '22 Widescreen Full HD 1080p LED Monitor', 'ViewSonic', 129.0),
(716, '8GB Clip Jam MP3 Player (Black)', 'SanDisk', 37.53),
(262, 'My Cloud Expert Series EX4100 24TB 4-Bay NAS Server (4 x 6TB)', 'WD', 1199.0),
(86, 'MartinLogan - Dynamo 1000 12 1000-Watt Powered Subwoofer - Black"', 'MartinLogan', 999.99),
(65, 'WI-SP500 Wireless In-Ear Sports Headphones (Black)', 'Sony', 78.0),
(389, 'JBL Flip 3 Splashproof Portable Bluetooth Speaker (Teal)', 'JBL', 79.99),
(85, 'VE278Q 27 Widescreen LCD Computer Display', 'ASUS', 202.21),
(545, 'dioQuest - DragonFly Black USB DAC and Headphone Amp v1.5 - Black', 'AudioQuest', 94.51),
(436, 'Cyber-shot DSC-WX220 Digital Camera (Black)', 'Sony', 237.13),
(201, 'Cerwin Vega - SL Series 2-Way Center-Channel Speaker - Black', 'Cerwin Vega', 129.99),
(775, 'Kicker KB6000 6.5 Full Range Indoor/Outdoor/Marine Speakers - Black 11KB6000B"', 'Kicker', 99.55),
(174, 'WD - Se 2TB Internal Serial ATA Hard Drive for Desktops (OEM/Bare Drive)', 'WD', 127.99),
(546, 'Sunpak - Universal Travel Power Adapter for Select Electronic Devices - White', 'Sunpak', 12.99),
(266, 'Skeleton Housing for HERO3 / HERO3+ / HERO4', 'GoPro', 49.0),
(198, 'XFX AMD Radeon RX 580 8GB GDDR5 PCI Express 3.0 Graphics Card', 'XFX', 359.99),
(57, 'Panamax - 2-Outlet Surge Protector - White', 'Panamax', 149.98),
(73, 'Sony Mini Digital Video Cassettes - DVC - 1 Hour', 'Sony', 19.99),
(97, 'dioQuest - GOLDG01R Golden Gate 1m (3.28 ft.) RCA Audio Cable - Red', 'AudioQuest', 69.95),
(774, 'Universal Foldable Bluetooth Keyboard for Mobile Devices', 'Microsoft', 68.99),
(703, 'pha a7 Mirrorless Digital Camera with 28-70mm Lens and Battery Kit', 'Sony', 949.95),
(493, 'Optoma - UHD60 4K DLP Projector with High Dynamic Range - White', 'Optoma', 1999.0),
(570, 'WD - My Book 6TB External USB 3.0 Hard Drive - Black', 'Western Digital', 169.99),
(449, 'S-5i Pro Sport Earphones (Blue)', 'Klipsch', 79.0),
(535, 'Sideclick - Universal Remote Attachment for Roku® Streaming Players - Black', 'Sideclick', 42.23),
(231, 'wa Exos9 Portable Bluetooth Speaker', 'Aiwa', 353.89),
(713, 'Optoma Hd142x Full Hd 10980p 3d Dlp Home Theater Projector', 'Optoma', 527.02),
(757, 'W650D-Series 48-Class Full HD Smart LED TV', 'Sony', 448.0),
(547, 'Monster SuperStar BackFloat High-Definition Bluetooth Speaker, Neon Green', 'Monster', 118.8),
(439, 'Silencio 352 microATX Case (Black)', 'Cooler Master', 69.99),
(330, 'Razer Blade Laptop 14 Full Hd (i77700hq"', 'Razer', 1679.99),
(574, 'rend-Bbox 10 Dual Front-Fire Enclosure for Dodge Ram 19962002"', 'Atrend', 86.99),
(337, 'XFX - AMD Radeon RX 580 GTR XXX Edition 8GB GDDR5 PCI Express 3.0 Graphics Card - Black/White', 'XFX', 329.99),
(555, 'Olympus TG-5 Waterproof Camera with 3-Inch LCD', 'Olympus', 449.0),
(376, 'XB550AP EXTRA BASS Headphones (Black)', 'Sony', 38.0),
(94, '- P2418HT 24 IPS LED FHD Touch-Screen Monitor - Black"', 'Dell', 320.0),
(663, 'Phantom 410 Mid-Tower Case (White)', 'NZXT', 82.88),
(79, 'SRS-ZR7 Wireless Speaker', 'Sony', 248.0),
(158, 'Ultimate Ears - BLAST Smart Portable Wi-Fi and Bluetooth Speaker with Amazon Alexa Voice Assistant - Blizzard', 'Ultimate Ears', 179.99),
(299, 'CORSAIR - VENGEANCE LED Series 16GB (2PK 8GB) 3.0GHz DDR4 Desktop Memory with LED Lighting - Black', 'CORSAIR', 129.99),
(514, 'Expert Mouse Wireless Trackball', 'Kensington', 115.99),
(671, 'F-S NIKKOR 85mm f/1.8G Lens', 'Nikon', 419.95),
(503, 'Wd Red Pro 8tb Nas Desktop Hard Drive Intellipower 6 Gbs 128 Mb Cache Wd8001ffwx', 'Western Digital', 447.99),
(308, 'Power Acoustik Pmd-102x 10.1 Ceiling-Mount Swivel Monitor With DVD"', 'Power Acoustik', 173.99),
(631, 'Netgear Powerline 1000 Mbps Wifi 802.11ac 1 Gigabit Port Plw1000100nas', 'Netgear', 119.99),
(486, 'Fits Chevy Silverado Pickup 19992006 Speaker Upgrade Pioneer Tsg1345r Tsg4620s', 'Pioneer', 29.43),
(650, 'Yamaha - 6-1/2 2-Way In-Ceiling Speakers (Pair) - White"', 'Yamaha', 129.98),
(487, 'Sennheiser - HD 800 Over-the-Ear Headphones - Silver/Black', 'Sennheiser', 1399.95),
(610, 'R6i In-Ear Headphones (Black)', 'Klipsch', 79.0),
(415, 'MCR-B043 30W Bluetooth Wireless Music System (Black)', 'Yamaha', 249.95),
(36, 'ST640P Universal Tilt Wall Mount for 32 to 50 Displays', 'Peerless-AV', 61.85),
(597, 'WD 8TB My Cloud EX2 Ultra Network Attached Storage - NAS - WDBVBZ0080JCH-NESN', 'Western Digital', 473.89),
(613, 'Bose SoundTrue around-ear headphones II - Apple devices', 'Bose', 119.99),
(193, 'pine - 6-1/2 2-Way Component Car Speakers with Poly-Mica Cones (Pair) - Black"', 'Alpine', 79.99),
(406, 'Epson PowerLite 740HD LCD Projector - 720p - HDTV - 16:10 V11H764020', 'Epson', 479.99),
(623, 'Level Active Wireless In-Ear Headphones (Black)', 'Samsung', 32.93),
(780, 'Sylvania Dual Portable Dvd Player W/ 9inch Widescreen Led Display Refurbished', 'Sylvania', 115.99),
(328, 'Logitech - Harmony 665 10-Device Universal Remote - Black', 'Logitech', 69.99),
(306, 'Bowers and Wilkins - P7 Over-the-Ear Headphones - Black', 'Bowers & Wilkins', 356.5),
(118, 'CORSAIR - VOID Surround Hybrid Wired Stereo Gaming Headset for PC, PS4, Xbox One, Nintendo Switch, Mobile devices - Carbon', 'CORSAIR', 70.99),
(349, 'Sony - 6.4 - Android Auto/Apple CarPlay™ with SiriusXM Tuner - Built-in Bluetooth - In-Dash DVD/DM Receiver - Black"', 'Sony', 499.99),
(382, 'RODE - NTG1 Condenser Shotgun Microphone', 'RODE', 306.49),
(758, 'BOYO - Concealed Mount License Plate Camera with Night Vision - Black', 'BOYO', 37.01),
(478, 'CORSAIR - VENGEANCE LED Series 16GB (2PK 8GB) 2.4GHz DDR4 Desktop Memory with LED Lighting - Black', 'CORSAIR', 129.99),
(562, 'XD3 - 3 Active Desktop Monitor System (Pair)', 'Cerwin-Vega', 99.0),
(72, 'Slingbox M2', 'Sling Media', 99.99),
(768, '4K Video Camera', '360fly', 579.99),
(622, 'LG - 55 Class - LED - UJ7700 Series - 2160p - Smart - 4K UHD TV with HDR"', 'LG', 1299.99),
(656, 'Pinnacle P1 High Fidelity Audiophile In-Ear Headphones', 'MEE audio', 179.02),
(220, 'ctiontec 300 Mbps Wireless-N ADSL Modem Router (GT784WN)', 'Actiontec', 75.33),
(659, 'SF Slim Lens Pouch 75 AW', 'Lowepro', 34.99),
(701, 'Pioneer - 8x External USB 3.0 Quad-Layer Blu-ray Disc DL DVD±RW/CD-RW Drive - Silver', 'Pioneer', 74.99),
(614, 'PreSonus - Eris E8 2-Way Active Studio Monitor (Each) - Black', 'PreSonus', 187.46),
(742, 'Sony SRS-XB41 Portable Wireless Bluetooth Speaker - Black - SRSXB41/B (Certified Refurbished)', 'Sony', 248.0),
(721, 'Pulse LED Light Bulb with Wireless Speaker (Pair, Pewter)', 'Sengled', 149.99),
(465, 'Intuos Creative Pen Tablet (Small, Black)', 'Wacom', 79.99),
(369, 'JBL Cinema SB350 Soundbar System', 'JBL', 279.94),
(544, 'MusicCast Wireless Speaker, White', 'Yamaha', 249.95),
(16, 'Transcend - JetDrive 420 480GB Internal Serial ATA III Solid State Drive for Select Apple® Computers', 'Transcend', 249.99),
(728, 'Openbox Excellent: Asus Rog Gl502vm 15.6 Laptop Intel Core I7 12gb Me..."', 'Asus', 1124.99),
(665, 'Sony Ultra-Portable Bluetooth Speaker', 'Sony', 69.99),
(395, 'Lenovo - Yoga 710 2-in-1 11.6 Touch-Screen Laptop - Intel Core i5 - 8GB Memory - 128GB Solid State Drive - Silver Tablet PC Notebook 80V6000PUS"', 'Lenovo', 724.32),
(75, 'Sony SRSHG1/BLK Hi-Res Wireless Speaker- Charcoal black', 'Sony', 198.0),
(88, 'SRS-XB40 Bluetooth Speaker (Black)', 'Sony', 248.0),
(169, 'Logitech Keys-To-Go Ultra-Portable Bluetooth Keyboard for Android and Windows', 'Logitech', 59.99),
(280, 'Boytone - Portable Bluetooth Speaker - Blue', 'Boytone', 26.99),
(510, 'Logitech G403 Prodigy Wireless Gaming Mouse', 'Logitech', 99.95),
(346, '- XPS 2-in-1 13.3 Touch-Screen Laptop - Intel Core i7 - 16GB Memory - 256GB Solid State Drive - Silver"', 'Dell', 909.99),
(543, 'Samsung - Adaptive Fast Charging Wall Charger - White', 'Samsung', 9.0),
(744, 'Sharp CD-BH950 240W 5-Disc Mini Shelf Speaker System with Cassette and Bluetooth', 'Sharp', 129.99),
(817, 'Onkyo - Dual 6-1/4 2-Way Floor Speakers (Pair) - Black"', 'Onkyo', 299.99),
(463, 'SteelSeries Siberia 800 Lag-Free Wireless Gaming Headset with OLED Transmitter and Dolby 7.1 Surround Sound', 'Steelseries', 299.99),
(153, 'fterShokz - Sportz Titanium with Mic Behind-the-Neck Headphones - Onyx Black', 'AfterShokz', 59.95),
(252, 'JBL Under Armour Sport Wireless Heart Rate In-Ear Headphones Black', 'JBL', 149.99),
(63, 'JBL - 6 x 8" 2-Way Coaxial Car Speakers with Polypropylene Cones (Pair) - Black"', 'JBL', 95.99),
(204, 'Grace Digital - 50W 2.0-Ch. Amplifier - Black', 'Grace Digital', 76.99),
(432, '24-70mm f/2.8 GM Lens and 82mm Circular Polarizer Filter Kit', 'Sony', 2198.0),
(611, 'Samsung - 55 Class - LED - Curved - MU6490 Series - 2160p - Smart - 4K Ultra HD TV with HDR"', 'Samsung', 999.99),
(787, 'Lenovo - 2-in-1 11.6 Touch-Screen Chromebook - MT8173c - 4GB Memory - 32GB eMMC Flash Memory - Dark gray"', 'Lenovo', 298.0),
(207, 'EcoJam Waterproof Bluetooth Speaker, Black', 'ECOXGEAR', 107.99),
(422, 'Marantz - NR 250W 5.2-Ch. Hi-Res With HEOS 4K Ultra HD A/V Home Theater Receiver - Black', 'Marantz', 549.98),
(674, 'SiriusXM SXSD2 Portable Speaker Dock Audio System for Dock and Play Radios (Black)', 'SiriusXM', 103.99),
(238, 'HD 4.40 BT Wireless Bluetooth Headphones', 'Sennheiser', 149.99),
(122, 'W6500 All-Weather Outdoor Speaker (White, Single)', 'Definitive Technology', 249.5),
(705, 'Toshiba TH-GW10 Symbio 6-in-1 Smart Home Solution and Security Camera with an Amazon Alexa Speaker built-in', 'Toshiba', 249.99),
(77, 'Samsung-3-Pack-Connect-Home-Smart-Wi-Fi-System-AC1300', 'Samsung', 379.0),
(557, 'Bose® - Companion® 20 Multimedia Speaker System (2-Piece) - White', 'Bose®', 249.99),
(107, 'Olympus - Refurbished 14.0-Megapixel Digital Camera - Titanium', 'Olympus', 219.99),
(511, 'Ecoxgear Ecocarbon Bluetooth Waterproof Speaker (black)', 'ECOXGEAR', 79.99),
(247, 'PNY Performance 8GB Kit (2x4GB) DDR3 1600MHz (PC3-12800) CL11 Desktop Memory - MD8GK2D31600NHS-Z', 'Pny', 57.19),
(455, 'MartinLogan - Dynamo 500 10 360-Watt Powered Subwoofer - Black"', 'MartinLogan', 495.0),
(240, 'Netgear 16 X 4 Docsis 3.0 Cable Modem Black', 'Netgear', 125.99),
(733, 'MM8077 7-Channel Power Amplifier', 'Marantz', 2399.0),
(182, 'Logitech Circle Black Portable Wifi Video Monitoring Camera Webcam', 'Logitech', 99.99),
(128, 'Yamaha - AVENTAGE 7.2-Ch. 4K Ultra HD A/V Home Theater Receiver - Black', 'Yamaha', 649.95),
(154, 'Zubie - In-Car Wi-Fi and Vehicle Monitoring Device - Black', 'Zubie', 99.99),
(80, 'T92UWH Portable Tripod Screen (45x80)', 'Elite Screens', 136.54),
(690, 'Seagate 4 Terabyte (4tb) Superspeed Usb 3.0 Game Drive For Xbox One Stea4000402', 'Seagate', 129.99),
(230, 'rend-Bbox E12DSV B Box Series 12 Dual Vented Enclosure with Shared Chamber"', 'Atrend', 86.69),
(722, 'House of Marley - TTR Over-the-Ear Headphones - Silver/Black', 'ONLINE', 120.1),
(773, 'RCA Indoor Digital TV Antenna, Amplified, 40-Mile Range', 'RCA', 30.49),
(451, 'SP-FS52 Andrew Jones Designed Floorstanding Loudspeaker', 'Pioneer', 129.99),
(802, 'Samsung - 65 Class - LED - Q7F Series - 2160p - Smart - 4K UHD TV with HDR"', 'Samsung', 2599.99),
(425, '-S801 Integrated Amplifier (Silver)', 'Yamaha', 899.98),
(525, 'Sima - Multi-Zone Speaker Selectors with Volume Controls - Black', 'Sima', 171.35),
(777, 'P101 Ceiling Projector Mount (White)', 'Kanto Living', 39.99),
(502, 'RE270K AC750 Wi-Fi Range Extender with Smart Plug', 'TP-Link', 56.97),
(620, 'X860i Digital ATX 860W Power Supply', 'Corsair', 198.99),
(540, 'HP - Bluetooth Laser Mouse - Black', 'PNY', 29.99),
(409, 'HT-XT2 170W 2.1-Channel TV Speaker Base (Black)', 'Sony', 104.99),
(355, 'Samsung J1 (Verizon LTE Prepaid)', 'Samsung', 39.99),
(390, 'ELECTRIC125H Spectrum Motorized Projection Screen (61 x 109, 110V, 60Hz)', 'Elite Screens', 259.95),
(68, 'YU2 Powered Desktop Speakers (Glossy Black)', 'Kanto Living', 199.99),
(767, 'Sony - 55 Class - LED - X800E Series - 2160p - Smart - 4K UHD TV with HDR"', 'Sony', 1896.0),
(29, 'SlideLITE Camera Strap SLL-1 (Black)', 'Peak Design', 49.95),
(161, 'Panamax - 8-Outlet Power Conditioner/Surge Protector - Gray', 'PANAMX', 93.46),
(561, 'SanDisk - Extreme PRO 64GB SDXC UHS-II Memory Card', 'SanDisk', 115.99),
(296, 'JBL Inspire 700 In-Ear Wireless Sport Headphones with Charging Case (Black)', 'Jbl', 63.95),
(325, 'Leef Liacmwk000e1 iAccess iOS microSD Card Reader', 'Leef', 18.31),
(715, 'MG7310-10 8x4 343 Mbps DOCSIS 3.0 Cable Modem N300 Wi-Fi Router', 'Motorola', 69.99),
(398, 'Veranda Series 55-Class UHD Outdoor LED TV', 'SunBriteTV', 1999.0),
(437, 'HEOS 1 Series 2 Wireless Speaker Pair and Go Pack Kit (Black)', 'Denon', 499.0),
(712, 'Hisense - 55 Class - LED - H8 Series - 2160p - Smart - 4K UHD TV with HDR"', 'Hisense', 549.99),
(157, 'NS-IW480CWH In-Ceiling 8 Natural Sound Three-Way Speaker System (Pair)', 'Yamaha', 149.95),
(655, 'House of Marley', 'House of Marley', 132.99),
(392, 'Samsung - 960 EVO 250GB Internal PCI Express 3.0 x4 (NVMe) Solid State Drive for Laptops', 'Samsung', 129.99),
(321, 'Logitech - Harmony 950 Universal Remote - Black', 'Logitech', 189.99),
(724, 'Yamaha - 10 250W Powered Subwoofer - High-Gloss Piano Black"', 'Yamaha', 499.99),
(495, 'SeeThru Hard Shell Case for 13 MacBook Pro (Clear)', 'Speck', 36.32),
(203, 'MSI - 15.6 Laptop - Intel Core i7 - 16GB Memory - NVIDIA GeForce GTX 1060 - 1TB Hard Drive + 256GB Solid State Drive - Black"', 'MSI', 1499.99),
(312, 'Virgin Mobile - LG Stylo™ 3 4G LTE with 16GB Memory Prepaid Cell Phone - Gray', 'Virgin Mobile', 124.99),
(782, 'EcoXGear Ecostone Bluetooth Speaker', 'Grace Digital', 169.85),
(301, 'TiVo - BOLT VOX 3TB DVR and Streaming Player - Black', 'TiVo', 499.98),
(809, 'Spartan - 3-Target 24x DVD/CD Duplicator - Black', 'Spartan', 464.99),
(604, 'Simple - BluStream Bluetooth Factory Radio Module - Black', 'Isimple', 39.99),
(18, 'r-Fi Runaway AF32 Stereo Bluetooth Wireless Headphones with Hidden Microphone (Black and Red)', 'MEE audio', 49.0),
(35, 'Corsair CMSA8GX3M2A1066C7 Apple 8 GB Dual Channel Kit DDR3 1066 (PC3 8500) 204-Pin DDR3 Laptop SO-DIMM Memory 1.5V', 'Corsair', 74.99),
(521, 'Toshiba - 2TB Internal SATA Hard Drive for Desktops', 'Toshiba', 74.99),
(616, 'finitive Technology - DT Series 6.5 2-Way In-Ceiling Speaker (Each) - Black"', 'Definitive Technology', 249.0),
(264, '14 Checkpoint Friendly Laptop Case', 'Case Logic', 44.54),
(149, 'SVS - Prime Dual 5-1/4 Passive 3-Way Center-Channel Speaker - Gloss piano black"', 'SVS', 449.99),
(95, 'Toshiba - 2.0-Channel Soundbar with 16-Watt Digital Amplifier - Black', 'Toshiba', 69.99),
(697, 'BC-TRW W Series Battery Charger (Black)', 'Sony', 39.99),
(428, 'CORSAIR - ML Series 140mm Case Cooling Fan - White', 'CORSAIR', 30.11),
(481, 'MartinLogan - Axis 5-1/4 2-1/2-Way In-Wall Speaker (Each) - Paintable White"', 'MartinLogan', 1149.99),
(190, 'Razer Kraken Pro V2 Analog Gaming Headset For Pc/xbox One/ps4 Black (p05)', 'Razer', 69.99),
(638, 'Elite SC-LX501 7.2-Channel Network A/V Receiver', 'Pioneer', 899.0),
(39, 'ENAQ - AC Power Adapter and Charger for Select Toshiba Satellite and Satellite Pro Laptops - Black', 'DENAQ', 21.99),
(13, '2TB Red 5400 rpm SATA III 3.5 Internal NAS HDD', 'WD', 89.99),
(103, 'Openbox Excellent: Alienware Aw2518h 25 Led Fhd Gsync Monitor Black"', 'Alienware', 571.37),
(41, 'Elite Screens - Spectrum Series 110 Motorized Projector Screen - Black"', 'Elite Screens', 255.57),
(267, 'VR-S530BT 5.2-Channel A/V Receiver', 'Denon', 229.0),
(287, 'Kenwood CD Single DIN In-Dash Bluetooth Car Stereo Receiver KDC-BT365U', 'Kenwood', 89.99),
(51, 'JVC KD-X320BTS Apple iPod and Android Digital Media Receiver with Bluetooth', 'JVC', 76.61),
(533, 'Netgear Modem Vdsl/adsl Broadband High Speed Dsl Dm200 Verizon At&t Used!', 'Netgear', 59.93),
(378, 'Escort Passport X70 Long Range Smartphone Live App Enabled Laser Radar Detector', 'Escort', 299.94),
(293, 'Samsung - 960 PRO 512GB Internal PCI Express 3.0 x4 (NVMe) Solid State Drive for Laptops', 'Samsung', 286.8),
(223, 'SiriusXM Commander Touch Full-Color', 'Siriusxm', 82.35),
(550, 'JBL Reflect Contour 2 Wireless Sport In-Ear Headphones with Three-Button Remote and Microphone (Blue)', 'JBL', 99.95),
(411, 'Lenovo - YOGA Wireless Optical Mouse - Black', 'Lenovo', 46.04),
(403, 'EF-610 DG ST Flash for Sony/Minolta Cameras', 'Sigma', 165.99),
(28, 'ENAQ - AC Power Adapter and Charger for Select HP Omnibook, Pavilion and Presario Laptops - Black', 'DENAQ', 25.89),
(167, 'Samsung Radiant360 R1 Wi-Fi/Bluetooth Speaker WAM1500/ZA - Black (Certified Refurbished)', 'Samsung', 121.99),
(651, 'Cobra - Radar and Laser Detector', 'Cobra Electronics', 106.98),
(53, 'Chief PDRUB Wall Mount for Flat Panel Display 42-71', 'Chief', 681.6),
(81, 'SanDisk Extreme 500 Portable SSD 500GB SDSSDEXT-500G-G25', 'Sandisk', 149.99),
(396, 'Verizon LG Transpyre 4G LTE Prepaid Smartphone', 'LG', 66.25),
(363, 'SUS VivoBook Max X541SA 15.6Inch Laptop Intel Pentium 4GB Memory 500GB HD Matte IMR X541SA-PD0703X', 'ASUS', 329.99),
(492, 'Insignia™ - Battery Charger for Acer, HP and Samsung Chromebooks - Black', 'Insignia™', 50.99),
(159, 'pine Electronics i207-WRA 7 Mech-Less Restyle Dash System with Apple Car Play and Android Auto for Jeep Wrangler (2007-2017)"', 'Alpine', 999.99),
(195, 'Kanto Living 8 Powered Subwoofer -Gloss White"', 'Kanto', 279.99),
(748, 'CD-C600 5-Disc CD Changer', 'Yamaha', 329.95),
(146, 'pple - Pre-Owned iPad 3 - 32GB - White', 'Apple', 549.99),
(222, 'Logitech iPad Pro 12.9 inch Keyboard Case SLIM COMBO with Detachable', 'Logitech', 149.99),
(282, 'GTK-XB90 Bluetooth Speaker', 'Sony', 448.0),
(825, 'dioQuest - Chocolate 16.5 4K Ultra HD In-Wall HDMI Cable - Brown', 'AudioQuest', 289.98),
(580, 'TL-SG108 8-Port 10/100/1000 Mbps Unmanaged Desktop Switch', 'TP-Link', 24.99),
(554, 'Samsung SNH-P6410BN SmartCam HD Pro 1080p WiFi IP Camera', 'Samsung', 209.0),
(373, 'Yamaha - 725W 5.1-Ch. Network-Ready 4K Ultra HD and 3D Pass-Through A/V Home Theater Receiver - Black', 'Yamaha', 319.99),
(660, 'UM Pro 30 Triple-Driver with 3-Way Crossover In-Ear Monitors (Smoke)', 'Westone', 269.99),
(324, 'Grace Digital - 3Play Bluetooth Audio Adapter - Black', 'Grace Digital', 28.44),
(96, 'PELICAN - ProGear Case for Most Tablets - Black', 'PELICAN', 56.99),
(318, '[genuine National] Sealed Gaming Headset Steelseries Arctis 7 Black 61463', 'Steelseries', 102.0),
(224, '128GB iPod touch (Space Gray) (6th Generation)', 'Apple', 299.0),
(170, '32GB High Speed UHS-I SDHC U3 Memory Card (Class 10)', 'Sony', 29.57),
(106, 'Sharp - 350W 5-Disc Mini Component System - Black', 'Sharp', 249.99),
(438, 'SiriusXM SXEZR1H1 XM Onyx EZR Satellite Radio with Free 3 Months Satellite and Streaming Service', 'Siriusxm', 73.57),
(647, 'Seagate - SkyHawk Surveillance HDD 6TB Internal SATA Hard Drive for Desktops', 'Seagate', 197.91),
(657, 'Klipsch X20i In-Ear Headphones', 'Klipsch Xr8i In-Ear Headphones', 549.0),
(181, 'Yamaha - 30W Desktop Audio System - Brick', 'Yamaha', 399.99),
(309, 'Sony STR DN860 7.2 Channel 165 Watt Receiver', 'Sony', 394.99),
(17, 'Samsung Universal 3100mAh Portable External Battery Charger - White', 'Samsung', 22.99),
(750, 'Kanto - sub8 8 120W Powered Subwoofer - Gloss Black"', 'Kanto', 279.99),
(720, 'Fusion - 4 2-Way Marine Speakers with Polypropylene Cones (Pair) - White"', 'Fusion Marine', 69.79),
(548, 'mond GC1500 HD Video Capture/Game Box Recorder for Windows', 'Diamond Multimedia', 94.99),
(456, 'Kingston A400 Ssd 120gb Sata Iii 2.5” Internal Solid State Drive Sa400s37/120g', 'Kingston', 49.0),
(60, 'Yamaha WX-030BL MusicCast Wireless Speaker with Wi-Fi and Bluetooth (Black)', 'Yamaha', 249.95),
(639, 'CORSAIR CL-9011109-WW Lighting Node PRO', 'Corsair', 51.52),
(429, 'RS 195 Digital Wireless Headphone System', 'Sennheiser', 383.99),
(711, 'V-MODA Crossfade Wireless Over-Ear Headphones - Phantom Chrome', 'V-Moda', 279.99),
(506, 'W316 External USB Slim DVD R/W Optical Drive 429-AAUX', 'Dell', 35.03),
(459, 'Universal Projector Mount with 3 Extension Column', 'Epson', 104.99),
(350, '- 10 Single-Voice-Coil 4-Ohm Subwoofer with Enclosure - Black/Silver"', 'Dual', 64.59),
(393, 'StarTech.com - DVI Dual-Monitor USB 3.0 Docking Station - Black / Silver', 'StarTech.com', 133.99),
(790, 'Logitech iPad Slim Folio: Case with Wireless Keyboard with Bluetooth (Black) - iPad 5th generation', 'Logitech', 69.95),
(279, 'Kicker Bullfrog Jump - Green/Black (43BF400) Outdoor Waterproof Bluetooth Speaker W/ FM Tuner and 20 Hour Battery life', 'Kicker', 399.95),
(702, 'h.ear go Wireless Speaker (Cinnabar Red)', 'Sony', 198.0),
(347, 'Klipsch AW-4i In-Ear Headphones', 'Klipsch', 59.0),
(797, 'Sennheiser - RS 175 Over-the-Ear Wireless Headphone System - Black', 'Sennheiser', 217.99),
(648, 'Spartan - 1-Target 24x DVD/CD Duplicator - Black', 'Spartan', 183.99),
(76, 'Circle 2 2MP Wire-Free Network Camera with Night Vision', 'Logitech', 253.99),
(813, 'M-Audio - Over-the-Ear Headphones - Black', 'M-Audio', 249.0),
(673, 'PNY - 16 GB (2PK x 8GB) 1.8 GHz DDR3 DIMM Desktop Memory Kit - Black', 'Pny', 104.95),
(371, 'Lumix DMC-G7 Mirrorless Micro Four Thirds Digital Camera with 14-42mm Lens and Accessory Kit (Black)', 'Panasonic', 649.95),
(340, 'Epson EX5250 Pro Wireless Business Projector', 'Epson', 599.95),
(196, 'MartinLogan Motion 6 Center Channel Speaker (Piano Black, each)', 'MartinLogan', 219.99),
(730, '- 2-in-1 15.6 4K Ultra HD Touch-Screen Laptop Intel Core i7 16GB Memory NVIDIA GeForce GTX 950M - 2TB HDD + 512GB SSD - Sandblasted matte black aluminum"', 'Asus', 1099.99),
(246, 'Lenovo Flex 4 1470 80SA0000US 2-in-1 - 14 HD Touch - Pentium 4405U 2.1Ghz - 4GB - 500GB"', 'Lenovo', 394.83),
(810, 'Sennheiser - HD 599 Over-the-Ear Headphones HD 5 - Brown/ivory/matte metallic', 'Sennheiser', 249.95),
(38, 'VR-X1400H 7.2-Channel Network A/V Receiver', 'Denon', 399.0),
(755, 'HyperX - Cloud Flight Wireless Stereo Gaming Headset for PC, PS4, Xbox One, Nintendo Wii U, Mobile Devices - Black', 'HyperX', 159.99),
(731, 'UM Pro10 Single-Driver Universal In-Ear Monitors (Clear)', 'Westone', 99.99),
(113, 'Hisense 50H4D Roku 50-inch HD Smart DLED TV', 'Hisense', 329.99),
(4, 'reamWave - Tremor Portable Bluetooth Speaker - Green,Black', 'DreamWave', 290.99),
(528, 'Sony XAV-AX100 6.4 Car Play/Android Auto Media Receiver with Bluetooth"', 'Sony', 342.99),
(131, 'Leica DG Vario-Elmar 100-400mm f/4-6.3 ASPH. POWER O.I.S. Lens', 'Panasonic', 1797.99),
(556, 'Onkyo M-5010 2-Channel Amplifier (Black)', 'Onkyo', 229.99),
(798, 'Boombox+ Bluetooth Wireless Speaker', 'SHARKK', 49.99),
(771, 'NVIDIA - GeForce GTX 1070 Founders Edition 8GB GDDR5 PCI Express 3.0 Graphics Card - Black', 'NVIDIA', 429.99),
(208, 'finitive Technology - Disappearing Dual 6-1/2 In-Wall Speaker (Each) - Black"', 'Definitive Technology', 549.99),
(274, 'SL-15 Floorstanding Speaker', 'Cerwin-Vega', 449.0),
(706, 'Turtle Beach - EAR FORCE Stealth 450 Over-the-Ear Wireless Gaming Headset for PC - Black/Red', 'Turtle Beach', 79.99),
(725, 'Powerstation XXL Three-USB 20,000mAh Battery Pack (Rose Gold)', 'mophie', 99.95),
(479, 'non - 1295W 7.2-Ch. Hi-Res With HEOS 4K Ultra HD A/V Home Theater Receiver - Black', 'Denon', 579.0),
(549, 'Sennheiser CX 7.00BT Wireless In-Ear Headphone', 'Sennheiser', 149.95),
(504, 'BRAVEN BRV-HD Wireless Bluetooth Speaker [28 Hour Playtime][Water Resistant] Built-In 8800 mAh Power Bank Charger - Black', 'Braven', 129.99),
(352, '-S501 Integrated Amplifier (Black)', 'Yamaha', 549.98),
(450, 'WD 4TB My Cloud Home Personal Cloud Storage - WDBVXC0040HWT-NESN', 'Western Digital', 250.59),
(407, 'mophie powerstation Plus Mini External Battery with Built in Cables for Smartphones and Tablets (4', 'mophie', 47.99),
(490, 'Kicker DSC44 4 D-Series 2-Way Car Speakers with 1/2" Tweeters"', 'Kicker', 29.95),
(78, 'Power Acoustik LP-3CSC License Plate with 2 Backup Sensors and CCD Camera, Chrome', 'Power Acoustik', 110.28),
(307, 'R-S202 Stereo Receiver with Bluetooth (Black)', 'Yamaha', 141.99),
(56, 'dioQuest - Golden Gate 9.8 RCA-to-RCA Audio Cable - Black/Red', 'AudioQuest', 89.99),
(381, 'TiVo BOLT 1TB Unified Entertainment System 4K DVR Media Player - White TCD849000', 'Tivo', 219.99),
(21, 'Kenwood KFC-1653MRW 6.5 2-way Marine Speakers Pair (White)"', 'Kenwood', 46.69),
(507, 'Galaxy Note 8 SM-N950U 64GB Smartphone (Unlocked, Midnight Black)', 'Samsung', 929.99),
(219, 'Sony SELP18105G E PZ 18-105mm F4 G OSS', 'Sony', 599.99),
(377, '1TB WD Black Mobile OEM Hard Drive (WD10JPLX)', 'WD', 83.95),
(375, 'Zmodo Greet Wifi Video Doorbell W/ Zmodo Beam Smart Home Hub And Wifi Extender', 'Zmodo', 99.99),
(796, 'LG - 65 Class - OLED - B7A Series - 2160p - Smart - 4K UHD TV with HDR"', 'LG', 3299.99),
(433, 'Yamaha RX-V383BL 5.1-Channel 4K Ultra HD AV Receiver with Bluetooth', 'Yamaha', 279.99),
(135, 'Samsung - 960 Pro 1TB Internal PCI Express 3.0 x4 (NVMe 1.1) Solid State Drive', 'Samsung', 600.82),
(541, 'ELECTRIC100H Spectrum Motorized Projection Screen (49 x 87, 110V, 60Hz)', 'Elite Screens', 189.99),
(559, 'NS-PA40 5.1-Channel Speaker System (Black)', 'Yamaha', 349.95),
(675, 'SanDisk - Ultra II 960GB Internal SATA Solid State Drive for Laptops', 'SanDisk', 279.99),
(628, 'SunBriteTV - Veranda Series - 43 Class - LED - Outdoor - Full Shade - 2160p - 4K UHD TV with HDR"', 'SunBriteTV', 1499.98),
(573, 'SAMSUNG 65 Class 4K (2160P) Ultra HD Smart QLED HDR TV QN65Q6FNAFXZA (2018 Model)"', 'Samsung', 1089.95),
(343, 'CORSAIR - Vengeance LPX 32GB (2PK x 16GB) 2.6 GHz DDR4 DRAM Desktop Memory Kit - Black', 'CORSAIR', 294.99),
(302, 'Samsung - 32 Class (31.5" Diag.) - LED - 720p - Smart - HDTV"', 'Samsung', 249.0),
(743, 'Sony 43 Class 4K UHD (2160P) Smart LED TV (XBR43X800E)"', 'Sony', 648.0),
(754, 'KICKER - CS Series 4 2-Way Car Speakers with Polypropylene Cones (Pair) - Black"', 'Kicker', 40.99),
(819, 'Samsung Galaxy Tab S3 Keyboard Cover', 'Samsung', 130.0),
(699, 'Google Daydream View - VR Headset (Slate)', 'Google', 89.99),
(265, 'Samsung - 49 Class - LED - MU6290 Series - 2160p - Smart - 4K Ultra HD TV with HDR"', 'Samsung', 597.99),
(211, 'Yamaha - 2.1-Channel Soundbar System with 6-1/2 Wireless Subwoofer and 200-Watt Digital Amplifier - Black"', 'Yamaha', 279.95),
(645, 'Yamaha - Mini Hi-Fi System - 40 W RMS - iPod Supported - Piano Black', 'Yamaha', 349.99),
(741, 'Sony XBR55X700D 55-Inch 4K Ultra HD Smart LED TV (2016 Model)', 'Sony', 798.0),
(286, 'RX-V583 7.2-Channel Network A/V Receiver', 'Yamaha', 499.95),
(11, 'Motorola Wi-Fi Pet Video Camera', 'Motorola', 99.99),
(781, 'Sony - 1155W 7.2-Ch. Hi-Res Network-Ready 4K Ultra HD and 3D Pass-Through HDR Compatible A/V Home Theater Receiver - Black', 'Sony', 450.0),
(251, 'dioQuest - Black Lab 16.4 In-Wall Subwoofer Cable - Black/White', 'AudioQuest', 49.99),
(191, 'pha a6500 Mirrorless Digital Camera (Body Only)', 'Sony', 1181.76),
(749, 'PNY - 8GB 1.6 GHz DDR3 DIMM Desktop Memory - Green', 'PNY', 89.99),
(641, 'Portable Bluetooth Wireless Speaker, Red', 'iLive', 24.99),
(379, '1659Fwu 16 Widescreen USB 3.1 Gen 1 Powered LED Backlit LCD Monitor', 'AOC', 96.29),
(729, 'Case for Microsoft Surface Pro and Pro 4 (Black)', 'Urban Armor Gear', 61.99),
(756, 'TiVo - Roamio OTA VOX 1TB Digital Video Recorder - Black', 'TiVo', 399.99),
(529, 'Sony Kd70x690e 70inch 4k Ultra Hd Smart Led Tv (2017 Model)', 'Sony', 1799.99),
(508, 'r-Fi Runaway AF32 Stereo Bluetooth Wireless Headphones with Hidden Microphone (Black)', 'MEE audio', 35.49),
(505, 'ratek AIRMM03F Wi-Fi Internet Radio Streaming Pandora', 'Aluratek', 98.17),
(602, 'Lumix G 25mm f/1.7 ASPH. Lens', 'Panasonic', 149.99),
(480, '64GB High Speed microSDXC UHS-I Memory Card (Class 10, U3)', 'Sony', 59.95),
(497, 'ENAQ - AC Adapter for SONY PCG Series; PCG-XR1 PCG-XR7 PCG-XR9 PCG-Z505GAM PCG-Z505JEK PCG-Z505NR PCG-381L - Black', 'DENAQ', 42.99),
(202, 'CybertronPC - Rhodium Desktop - AMD FX-Series - 16GB Memory - NVIDIA GeForce GTX 1050 - 2TB Hard Drive - Green', 'CybertronPC', 869.99),
(233, 'NA 15 Slim Messenger Bag (Graphite)', 'Tenba', 159.95),
(93, 'ECON-S3T-DVD-BK 1-DVDROM TO 3-DVD+/-RW DL 24X TOWER STANDALONE', 'VINPOWER DIGITAL DIRECTSHIP', 225.0),
(333, 'pine CDESXM145BT Advanced Bluetooth CD / SiriusXM Receiver', 'Alpine', 166.95),
(815, 'NA 15 Slim Messenger Bag (Cobalt)', 'Tenba', 159.95),
(109, 'House of Marley EM-DH003-PS TTR Noise-Cancelling Over-Ear Headphones (Black)', 'House Of Marley', 299.99),
(811, 'CORSAIR - VENGEANCE LPX Series 32GB (2PK 16GB) 2.133GHz DDR4 Desktop Memory - Black', 'CORSAIR', 253.98),
(6, 'Universal Remote Control - 48-Device Universal Remote - Black', 'Universal Remote Control', 254.99),
(522, 'Pioneer - XDP-300R 32GB* Video MP3 Player - Black', 'Pioneer', 699.99),
(178, 'cer - 2-in-1 15.6 Refurbished Touch-Screen Laptop - Intel Core i7 - 12GB Memory - NVIDIA GeForce 940MX - 1TB Hard Drive - Steel gray"', 'Acer', 859.65),
(295, 'finitive Technology - 300W 2.0-Ch. Wireless Amplifier - Black', 'Definitive Technology', 499.98),
(476, 'Sony - SF-UY2 Series 64GB SDXC UHS-I Memory Card', 'Sony', 37.99),
(666, 'Bose® - Virtually Invisible® 791 In-Ceiling Speakers II (Pair) - White', 'Bose®', 599.99),
(581, 'Sony MDR-1000X/C Wireless Bluetooth Noise Cancelling Hi-Fi Headphones (Certified Refurbished)', 'Sony', 399.99),
(87, '1TB T5 Portable Solid-State Drive (Black)', 'Samsung', 399.99),
(501, 'Sennheiser Momentum 2.0 for Samsung Galaxy - Black', 'Sennheiser', 244.99),
(285, 'Onkyo - 5.1-Ch. Home Theater System - Black', 'Onkyo', 305.99),
(304, 'HP 15-AY103DX 15.6 Touchscreen Touch Screen HD Laptop Notebook PC Computer 7th Gen i5-7200U Kaby Lake 8GB Memory 1TB HDD Hard Drive Windows 10"', 'HP', 539.96),
(606, 'Yamaha - 30W Desktop Audio System - White', 'Yamaha', 349.99),
(277, 'mps Air Bluetooth Wireless Earbuds (Rich Teal)', 'SOL REPUBLIC', 105.99),
(8, 'Samsung - 850 PRO 512GB Internal SATA III Solid State Drive for Laptops', 'Samsung', 224.99),
(536, 'Sharp - 50W Executive Hi-Fi Component System - Black', 'Sharp', 149.99),
(374, 'Corsair CMY32GX3M4A1600C9 Vengeance Pro 32GB (4x8GB) DDR3 1600 MHz (PC3 12800) Desktop 1.5V', 'Corsair', 285.5),
(67, 'SVS - 12 500W Powered Subwoofer - Gloss piano black"', 'SVS', 849.98),
(632, 'MX Anywhere 2S Wireless Mouse', 'Logitech', 79.95),
(677, 'Sony - XB20 Portable Bluetooth Speaker - Blue', 'Sony', 78.0),
(358, 'H6 Handy Recorder Kit with Resident Audio R100 Headphones', 'Zoom', 424.98),
(734, 'Buffalo Technology - DriveStation Axis Velocity 3TB External USB 3.0/2.0 Hard Drive - Black', 'Buffalo Technology', 125.99),
(162, 'Rand McNally 0528011715 IntelliRoute 7 TND 730 GPS Unit"', 'Rand McNally', 467.96),
(52, 'Simple ISBC01 BluClik Bluetooth Remote Control with Steering Wheel and Dash Mounts', 'iSimple', 27.43),
(586, 'Logitech G433 7.1 Wired Gaming Headset with DTS Headphone: X 7.1 Surround for PC', 'Logitech', 99.99),
(226, 'Logitech - Harmony Home Hub - Black', 'Logitech', 99.99),
(467, 'Razer ManOWar Wireless 7.1 Surround Sound Gaming Headset (Black) Man O War READ', 'Razer', 42.0),
(558, 'Samsung - Galaxy J3 4G LTE with 16GB Memory Cell Phone (Unlocked) - Black', 'Samsung', 149.99),
(783, 'Sherwood - 200W 2.0-Ch. A/V Home Theater Receiver - Black', 'Sherwood', 130.99),
(700, 'pple USB-C VGA Multiport Adapter', 'Apple', 24.99);

Insert into Order_Products (Order_ID, Product_ID, Amount) values (237, 81, 1),
(248, 198, 1),
(26, 57, 2),
(120, 487, 1),
(293, 446, 3),
(176, 388, 1),
(182, 60, 2),
(155, 660, 3),
(395, 373, 1),
(383, 231, 2),
(54, 129, 2),
(96, 546, 3),
(201, 76, 1),
(145, 21, 1),
(368, 631, 1),
(334, 724, 3),
(122, 325, 3),
(19, 240, 2),
(62, 220, 3),
(240, 734, 3),
(172, 510, 2),
(337, 769, 3),
(225, 688, 1),
(111, 422, 1),
(100, 265, 1),
(391, 6, 1),
(385, 373, 3),
(2, 721, 3),
(192, 581, 1),
(22, 532, 1),
(56, 501, 2),
(174, 728, 3),
(171, 725, 3),
(33, 279, 3),
(376, 378, 1),
(200, 1, 3),
(109, 476, 2),
(50, 766, 1),
(219, 412, 3),
(208, 262, 1),
(290, 373, 1),
(40, 222, 2),
(345, 561, 2),
(146, 170, 3),
(153, 636, 1),
(199, 320, 2),
(76, 554, 1),
(340, 730, 3),
(393, 716, 1),
(137, 59, 1),
(164, 452, 3),
(354, 409, 2),
(33, 703, 3),
(152, 532, 2),
(230, 609, 2),
(341, 222, 1),
(365, 3, 1),
(344, 80, 3),
(397, 506, 1),
(135, 663, 3),
(388, 219, 1),
(118, 777, 3),
(14, 742, 1),
(372, 38, 1),
(343, 575, 1),
(332, 439, 2),
(77, 435, 2),
(168, 16, 2),
(113, 325, 2),
(398, 182, 1),
(32, 158, 3),
(224, 251, 2),
(359, 472, 3),
(318, 378, 1),
(357, 472, 3),
(348, 268, 1),
(103, 465, 2),
(356, 726, 2),
(17, 730, 1),
(107, 271, 2),
(16, 85, 1),
(158, 638, 2),
(317, 529, 1),
(391, 389, 1),
(89, 647, 3),
(243, 36, 3),
(151, 541, 1),
(5, 384, 3),
(281, 208, 3),
(91, 656, 1),
(251, 729, 1),
(206, 688, 2),
(323, 280, 1),
(63, 271, 1),
(387, 606, 3),
(129, 3, 1),
(263, 762, 2),
(83, 76, 3),
(125, 56, 3),
(172, 825, 1),
(159, 221, 2),
(360, 528, 1),
(147, 348, 2),
(44, 378, 3),
(273, 146, 3),
(102, 721, 3),
(66, 516, 2),
(27, 77, 2),
(205, 406, 2),
(388, 761, 1),
(162, 647, 1),
(370, 159, 3),
(34, 446, 2),
(121, 260, 1),
(376, 259, 3),
(325, 326, 1),
(316, 113, 2),
(339, 101, 1),
(133, 768, 1),
(84, 201, 2),
(261, 767, 3),
(338, 416, 2),
(21, 479, 2),
(353, 790, 2),
(277, 412, 2),
(315, 497, 3),
(269, 437, 3),
(55, 437, 1),
(209, 616, 1),
(90, 620, 2),
(49, 729, 2),
(94, 447, 2),
(282, 475, 2),
(138, 697, 2),
(194, 761, 3),
(85, 348, 2),
(131, 99, 3),
(363, 273, 3),
(25, 701, 3),
(263, 540, 3),
(400, 733, 1),
(177, 6, 2),
(215, 659, 1),
(320, 66, 3),
(381, 741, 2),
(20, 722, 1),
(107, 501, 1),
(218, 347, 1),
(140, 558, 2),
(65, 819, 2),
(237, 389, 1),
(240, 783, 2),
(260, 798, 2),
(244, 572, 2),
(347, 562, 1),
(114, 108, 1),
(253, 748, 2),
(371, 558, 1),
(336, 197, 2),
(266, 252, 3),
(12, 478, 2),
(105, 505, 2),
(1, 126, 1),
(373, 428, 1),
(289, 10, 3),
(142, 547, 1),
(265, 204, 2),
(108, 260, 1),
(268, 611, 2),
(286, 613, 3),
(396, 6, 1),
(86, 35, 2),
(214, 483, 3),
(40, 456, 3),
(173, 388, 2),
(96, 523, 2),
(191, 396, 3),
(220, 729, 1),
(315, 501, 2),
(374, 11, 2),
(32, 303, 2),
(4, 317, 1),
(43, 393, 3),
(71, 8, 2),
(161, 379, 3),
(335, 94, 3),
(347, 79, 2),
(278, 446, 2),
(118, 510, 3),
(332, 224, 2),
(18, 636, 1),
(312, 223, 3),
(186, 704, 3),
(39, 642, 2),
(121, 310, 1),
(74, 502, 2),
(80, 5, 3),
(207, 8, 2),
(154, 774, 3),
(335, 423, 2),
(310, 59, 2),
(336, 435, 1),
(117, 545, 1),
(163, 29, 1),
(297, 60, 2),
(10, 495, 3),
(272, 53, 1),
(249, 645, 1),
(254, 622, 2),
(346, 79, 2),
(255, 310, 2),
(75, 310, 1),
(233, 207, 2),
(68, 403, 3),
(330, 347, 3),
(275, 48, 3),
(252, 363, 1),
(195, 8, 1),
(256, 811, 2),
(143, 812, 1),
(190, 289, 1),
(97, 436, 1),
(61, 146, 2),
(13, 785, 2),
(258, 53, 2),
(101, 103, 1),
(202, 68, 2),
(288, 190, 1),
(178, 241, 1),
(28, 240, 3),
(136, 551, 3),
(142, 285, 3),
(157, 435, 3),
(143, 83, 1),
(41, 76, 2),
(116, 714, 1),
(79, 292, 2),
(244, 557, 1),
(299, 743, 1),
(123, 817, 1),
(382, 690, 2),
(154, 791, 1),
(150, 641, 1),
(216, 95, 1),
(235, 777, 1),
(294, 181, 1),
(9, 490, 3),
(329, 273, 1),
(127, 329, 3),
(184, 162, 3),
(273, 791, 1),
(362, 696, 2),
(21, 66, 1),
(297, 264, 3),
(288, 406, 1),
(399, 805, 3),
(51, 384, 3),
(115, 660, 2),
(79, 128, 1),
(35, 84, 2),
(292, 710, 2),
(73, 581, 3),
(279, 97, 1),
(46, 628, 1),
(92, 279, 2),
(322, 497, 2),
(203, 195, 2),
(70, 731, 3),
(242, 663, 3),
(7, 105, 2),
(196, 149, 2),
(298, 196, 1),
(373, 519, 2),
(189, 306, 1),
(149, 79, 2),
(81, 38, 3),
(394, 307, 1),
(6, 772, 2),
(207, 535, 2),
(126, 224, 3),
(308, 38, 2),
(88, 502, 1),
(364, 623, 1),
(319, 40, 1),
(78, 805, 1),
(159, 767, 1),
(357, 348, 3),
(29, 744, 3),
(181, 174, 2),
(95, 273, 3),
(127, 781, 3),
(78, 26, 1),
(77, 465, 1),
(261, 8, 3),
(170, 13, 3),
(8, 317, 3),
(59, 433, 2),
(378, 230, 2),
(333, 275, 1),
(295, 574, 2),
(204, 13, 3),
(136, 223, 2),
(3, 381, 3),
(305, 337, 3),
(382, 106, 3),
(82, 349, 3),
(179, 331, 3),
(3, 221, 2),
(188, 266, 2),
(266, 435, 1),
(42, 386, 3),
(236, 705, 2),
(47, 734, 1),
(239, 570, 2),
(300, 303, 3),
(298, 247, 3),
(36, 521, 1),
(73, 559, 1),
(246, 703, 3),
(279, 84, 1),
(110, 93, 3),
(221, 546, 1),
(189, 1, 3),
(321, 734, 3),
(291, 188, 1),
(69, 644, 3),
(355, 639, 2),
(211, 219, 3),
(278, 329, 2),
(23, 196, 2),
(280, 309, 3),
(352, 327, 1),
(22, 348, 2),
(301, 699, 1),
(53, 825, 1),
(198, 450, 3),
(359, 417, 3),
(377, 593, 2),
(185, 780, 1),
(283, 681, 3),
(389, 278, 3),
(15, 774, 2),
(277, 508, 1),
(130, 251, 3),
(270, 463, 3),
(149, 542, 3),
(103, 372, 3),
(267, 283, 1),
(366, 384, 3),
(177, 633, 1),
(318, 84, 3),
(387, 688, 1),
(11, 648, 3),
(366, 773, 2),
(106, 40, 3),
(395, 472, 2),
(305, 422, 3),
(132, 446, 3),
(160, 690, 1),
(390, 651, 3),
(274, 508, 1),
(262, 340, 3),
(48, 636, 1),
(223, 197, 3),
(307, 11, 2),
(346, 815, 3),
(228, 628, 3),
(223, 536, 2),
(64, 794, 2),
(358, 207, 1),
(175, 57, 2),
(324, 522, 2),
(229, 4, 1),
(314, 280, 3),
(317, 357, 3),
(58, 575, 1),
(93, 465, 2),
(199, 125, 2),
(180, 676, 1),
(139, 291, 2),
(72, 251, 1),
(133, 106, 1),
(309, 48, 3),
(328, 717, 2),
(247, 268, 3),
(217, 52, 3),
(319, 464, 3),
(375, 740, 2),
(392, 711, 1),
(386, 616, 2),
(119, 87, 1),
(304, 318, 3),
(265, 69, 1),
(271, 330, 1),
(367, 228, 1),
(183, 439, 3),
(392, 451, 3),
(264, 137, 3),
(349, 279, 3),
(128, 769, 2),
(250, 459, 1),
(326, 819, 1),
(226, 226, 1),
(302, 503, 3),
(276, 204, 1),
(141, 412, 1),
(148, 295, 3),
(197, 264, 3),
(232, 775, 3),
(231, 409, 3),
(38, 103, 1),
(274, 455, 3),
(167, 486, 3),
(306, 360, 1),
(42, 73, 1),
(146, 105, 1),
(257, 285, 2),
(141, 523, 3),
(156, 76, 3),
(248, 782, 2),
(302, 355, 3),
(345, 83, 2),
(245, 511, 1),
(379, 358, 3),
(67, 107, 1),
(217, 146, 3),
(68, 555, 3),
(85, 706, 2),
(314, 81, 3),
(104, 329, 2),
(52, 544, 3),
(187, 95, 1),
(229, 10, 2),
(321, 278, 1),
(124, 193, 3),
(180, 411, 2),
(241, 371, 3),
(384, 235, 3),
(285, 220, 2),
(351, 544, 2),
(311, 396, 2),
(99, 396, 2),
(276, 762, 2),
(92, 463, 2),
(234, 675, 2),
(186, 433, 2),
(169, 222, 1),
(15, 355, 2),
(313, 507, 2),
(284, 593, 3),
(222, 295, 1),
(116, 456, 3),
(26, 425, 3),
(144, 659, 3),
(162, 5, 2),
(72, 219, 2),
(30, 717, 3),
(213, 66, 1),
(379, 279, 2),
(31, 403, 1),
(45, 57, 1),
(134, 389, 2),
(227, 84, 1),
(23, 423, 1),
(296, 317, 2),
(87, 569, 2),
(165, 324, 3),
(380, 824, 2),
(259, 17, 3),
(155, 337, 2),
(69, 357, 3),
(287, 285, 3),
(303, 415, 3),
(327, 203, 1),
(80, 796, 1),
(193, 423, 2),
(105, 725, 2),
(37, 569, 1),
(258, 161, 3),
(184, 636, 1),
(212, 225, 3),
(61, 557, 1),
(24, 714, 2),
(210, 109, 3),
(331, 68, 2),
(361, 289, 2),
(95, 48, 3),
(342, 312, 2),
(238, 545, 1),
(112, 455, 2),
(4, 613, 2),
(98, 432, 2),
(57, 720, 1),
(245, 649, 3),
(241, 65, 1),
(369, 330, 2),
(60, 775, 1),
(166, 308, 3),
(242, 547, 2),
(350, 84, 1);

Insert into Product_ratings (Product_ID, Account_ID, Rating) values (608, 8, 5),
(378, 45, 5),
(755, 192, 3),
(492, 126, 5),
(360, 231, 5),
(713, 196, 5),
(778, 177, 4),
(67, 278, 5),
(244, 77, 5),
(650, 274, 5),
(247, 85, 5),
(85, 198, 5),
(546, 262, 5),
(260, 50, 5),
(433, 236, 5),
(16, 280, 5),
(167, 182, 5),
(726, 137, 3),
(13, 25, 5),
(182, 295, 5),
(811, 74, 5),
(544, 64, 1),
(772, 97, 5),
(522, 136, 5),
(198, 31, 5),
(614, 259, 5),
(363, 188, 5),
(459, 131, 5),
(299, 28, 3),
(390, 49, 5),
(360, 286, 5),
(651, 248, 5),
(676, 184, 2),
(452, 231, 5),
(578, 132, 5),
(488, 119, 1),
(483, 276, 3),
(392, 50, 5),
(636, 262, 2),
(678, 61, 3),
(706, 205, 5),
(501, 138, 5),
(146, 82, 3),
(350, 165, 2),
(699, 120, 2),
(459, 135, 5),
(382, 258, 5),
(703, 285, 5),
(778, 172, 5),
(602, 48, 5),
(455, 260, 5),
(454, 213, 5),
(690, 45, 5),
(597, 31, 5),
(228, 234, 5),
(638, 179, 5),
(659, 168, 5),
(131, 54, 5),
(156, 146, 1),
(799, 8, 5),
(476, 159, 5),
(665, 184, 4),
(9, 39, 5),
(532, 158, 5),
(275, 109, 5),
(744, 55, 5),
(815, 193, 4),
(693, 218, 5),
(301, 121, 1),
(251, 25, 4),
(791, 228, 4),
(1, 37, 5),
(84, 77, 5),
(663, 122, 5),
(392, 190, 5),
(708, 202, 3),
(135, 186, 5),
(465, 267, 5),
(211, 186, 5),
(337, 221, 5),
(704, 81, 4),
(476, 40, 5),
(454, 162, 5),
(522, 203, 5),
(790, 182, 5),
(825, 57, 5),
(20, 232, 5),
(204, 159, 5),
(374, 42, 5),
(797, 76, 5),
(118, 165, 5),
(608, 292, 5),
(787, 254, 5),
(648, 259, 5),
(54, 193, 5),
(363, 115, 5),
(606, 206, 5),
(465, 3, 5),
(455, 21, 5),
(39, 219, 5),
(374, 93, 5),
(602, 162, 5),
(408, 112, 5),
(1, 32, 5),
(230, 256, 2),
(395, 138, 5),
(53, 206, 1),
(731, 32, 5),
(815, 273, 5),
(639, 67, 3),
(783, 105, 5),
(593, 106, 5),
(292, 26, 5),
(157, 164, 5),
(714, 90, 5),
(529, 124, 5),
(231, 37, 5),
(266, 75, 1),
(333, 266, 5),
(711, 202, 3),
(804, 230, 5),
(452, 242, 5),
(676, 276, 5),
(238, 299, 5),
(329, 233, 5),
(148, 140, 5),
(680, 75, 5),
(156, 9, 5),
(792, 208, 4),
(146, 157, 5),
(167, 40, 5),
(369, 290, 5),
(246, 67, 5),
(97, 248, 5),
(381, 266, 5),
(488, 135, 5),
(638, 156, 5),
(778, 137, 5),
(182, 13, 5),
(487, 282, 4),
(195, 145, 5),
(211, 15, 2),
(376, 45, 5),
(310, 243, 5),
(797, 237, 5),
(702, 59, 5),
(439, 171, 5),
(170, 116, 5),
(752, 104, 5),
(620, 44, 5),
(317, 275, 5),
(449, 148, 5),
(819, 199, 5),
(48, 93, 5),
(435, 284, 5),
(699, 29, 5),
(609, 266, 5),
(296, 105, 5),
(81, 178, 2),
(221, 70, 5),
(246, 271, 5),
(713, 36, 3),
(772, 78, 5),
(429, 145, 5),
(375, 157, 5),
(81, 4, 5),
(198, 76, 5),
(701, 229, 5),
(570, 154, 5),
(791, 167, 5),
(204, 90, 3),
(656, 37, 2),
(777, 79, 5),
(390, 128, 5),
(493, 187, 5),
(519, 249, 5),
(310, 64, 5),
(548, 21, 4),
(252, 136, 5),
(225, 22, 5),
(774, 257, 3),
(126, 76, 5),
(1, 44, 5),
(578, 181, 2),
(113, 35, 2),
(486, 283, 5),
(725, 145, 1),
(54, 256, 5),
(488, 283, 4),
(97, 222, 3),
(376, 32, 5),
(239, 241, 3),
(275, 124, 4),
(551, 134, 2),
(219, 114, 5),
(475, 279, 5),
(95, 61, 5),
(696, 4, 5),
(86, 30, 5),
(41, 115, 4),
(706, 83, 5),
(207, 52, 5),
(355, 97, 5),
(348, 275, 5),
(76, 83, 4),
(799, 91, 4),
(666, 104, 1),
(191, 217, 5),
(48, 62, 5),
(126, 20, 5),
(394, 297, 5),
(85, 153, 5),
(623, 104, 1),
(455, 283, 5),
(646, 188, 4),
(487, 213, 5),
(331, 30, 5),
(107, 41, 2),
(478, 95, 5),
(620, 260, 5),
(35, 240, 5),
(697, 44, 5),
(81, 88, 5),
(743, 15, 5),
(781, 57, 5),
(609, 1, 2),
(160, 33, 5),
(358, 289, 5),
(52, 197, 5),
(201, 174, 5),
(188, 69, 5),
(775, 146, 5),
(727, 77, 5),
(550, 224, 5),
(32, 117, 5),
(267, 95, 5),
(758, 63, 5),
(4, 191, 5),
(632, 121, 5),
(349, 129, 5),
(35, 248, 3),
(463, 65, 5),
(178, 39, 5),
(680, 277, 1),
(750, 62, 5),
(551, 150, 5),
(464, 181, 5),
(435, 189, 5),
(525, 264, 5),
(580, 206, 5),
(376, 99, 5),
(569, 271, 5),
(50, 211, 2),
(9, 40, 2),
(730, 170, 5),
(317, 23, 5),
(18, 68, 5),
(521, 223, 5),
(729, 173, 5),
(162, 195, 5),
(160, 283, 5),
(575, 222, 5),
(450, 215, 5),
(545, 90, 2),
(41, 72, 5),
(41, 280, 5),
(790, 226, 5),
(482, 29, 5),
(548, 66, 5),
(514, 242, 5),
(274, 265, 5),
(702, 70, 5),
(246, 116, 5),
(602, 138, 1),
(446, 164, 5),
(239, 91, 5),
(490, 217, 3),
(824, 217, 5),
(369, 37, 5),
(207, 285, 2),
(388, 125, 2),
(333, 161, 5),
(135, 47, 4),
(757, 47, 5),
(148, 146, 5),
(363, 129, 5),
(303, 150, 5),
(161, 62, 5),
(14, 186, 5),
(66, 223, 5),
(160, 100, 5),
(225, 203, 5),
(661, 292, 1),
(581, 281, 5),
(108, 114, 5),
(791, 80, 5),
(488, 158, 5),
(252, 79, 5),
(347, 24, 5),
(438, 118, 5);

